タイトル,bookliststory
嘘喰い,遊ぶ金欲しさに闇金に手を出し、取立てに追われる青年・梶くんの前に現れた謎の男・斑目貘。自らギャンブラーと名乗り、借金返済を手伝うと豪語する貘は、闇カジノへと乗り込むが…!?
賭博堕天録カイジ ワン・ポーカー編,極悪社長との麻雀勝負を制し大金を獲得したカイジ！しかしその勝負の余韻も冷めやらぬ中、帝愛グループの会長である兵藤和尊の息子・和也からポーカー勝負を持ちかけられた!!苛烈、熾烈、強烈に揺さぶれ続ける！デスマッチ開幕!…
賭博堕天録カイジ 24億脱出編,『ワン・ポーカー』でついに和也に勝利したカイジはついに20億円の元へ。軍資金と合わせ24憶円を手に入れるカイジたち。しかしまだ完全に手に入れたわけではない。カイジは黒服たちから逃げ延びなければいけない、果たして無事…
賭博堕天録カイジ,トリップ確実っ…!脳内モルヒネ出まくりっ…!勝負熱に脳を灼かれた勝負ジャンキー・カイジ、死地をくぐりに、三度勝負の泥沼へっ…(物語上は第四章)!勝負の才能は人並みだけど、手遅れレベルの「負け」をゼロに戻す才能だけは…
LIAR GAME,ある日突然送られてきた小包。その中には「おめでとうございます。あなたは10万分の1の確率をくぐりぬけ、ライアーゲームにエントリーされました」という手紙と、現金1億円が同封されていた。それがライアーゲームのスタートだ…
賭博堕天録カイジ 和也編,裏カジノの社長・村岡との変則二人麻雀「17歩」勝負を制し、4億8000万円もの大勝を収めたカイジ。その勝負を観戦していた男・和也は、なんと帝愛グループの会長・兵藤和尊の息子。カイジは和也に勝負を挑まれると、すぐさま…
アカギ,ククク・・・狂気の沙汰ほど面白い・・・！麻雀漫画「天」に敵として味方として登場し、主役を喰うほどの絶大な人気を誇った福本作品最大のヒーロー・赤木しげるの若かりし頃を描いた作品。麻雀を知らない人が読んでも勝負漫画とし…
賭ケグルイ,名門・私立百花王学園。この学園には階級制度が存在する。生徒会を頂点とするこの学校は「ギャンブル」に支配されている。勝てば天国。負ければ地獄。ギャンブル強者は羨望、弱者は被虐のクルった学園。そんな学園に、一人の少女が…
キリンジゲート,日本中の猛者が集い大金の動く麻雀の代打ちの世界――。雇い主を裏切った代打ちと間違われ、ヤクザに追われる葉隠杏は、その麻雀打ち達の聖域に迷い込む。不ヅキな運命からトラブルが続き、警察にもヤクザにも追われる身の杏は、打…
中間管理録トネガワ,帝愛グループ会長・兵藤和尊（ひょうどう・かずたか）の命で、債務者たちによる「死のゲーム」の企画を任された幹部・利根川幸雄（とねがわ・ゆきお）!!　早速、企画会議を開く利根川を待っていたのは、受難…!!　煩悶…!!　…
ジャンケットバンク,カラス銀行中央支店、どこにでもある平凡な銀行。そこに勤務する新人銀行員・御手洗暉(ミタライアキラ)はある日特別業務部という聞き覚えのない部署の上司・宇佐美銭丸(ウサミゼニマル)に連れられ、銀行の地下へ足を踏み入れる…
天牌・麻雀飛龍伝説,麻雀を愛する思いは誰にも負けない！　天性の強運と感性を武器に、牌と共に生きる決意をする沖本瞬!!　かつての同級生たちが社会と折り合いをつけて生きていく中、彼はひたむきに卓上の戦いへと身を投じていく！　「俺は一体、ど…
賭ケグルイ双,百花王学園に夢子はいない。夢子が学園に転校してくる一年前。ごく普通の少女・早乙女芽亜里は編入試験に合格し百花王学園に入学する。しかし彼女を待ち受けるのは学園の狂った掟、賭博の洗礼だった。これは賭ケグルイ前史、もう一…
賭博破戒録カイジ,生き死にの博打、再びっ…!950万円もの借金を背負わされ、送り込まれた地下強制労働施設。一ヶ月9千円ほどの超低賃金で15年もの苛烈な重労働を強いられ、カイジは地上への帰還を誓うが…?!勝負のアツさ、爽快感は前作「賭…
咲-Saki-,時は21世紀…。麻雀の実力が人生を左右する時代に、二人の天才女子高生が舞い降りる。毎局プラスマイナスゼロで和了（アガ）る少女・宮永咲。全国中学生麻雀大会個人戦優勝者・原村和。互いの生き様が交わる時、熱き物語の幕が上…
賭博覇王伝 零 ギャン鬼編,ドリームキングダムで行われた命懸けの「王への試験」から数年後。ある伝説が跋扈した！不敗のギャンブラー伝説!!そのギャンブラーこそが「王への試験」で神がかり的頭脳を発揮した宇海零!!そして彼が今回挑むギャンブルとは……
凍牌～ミナゴロシ篇～,"サバイバル麻雀が終了し日本に生じた“力の空白地帯”。一方、数々の死闘を乗り越えKは平穏な生活を手に入れていた。だが、闇からの呼び声は少年に再び覚醒を促す…!! 伝説、再起動!!　“氷のK”最後の戦いが始まる。
  …"
バード BLACK MARKET,新章開演!! “鳥(バード)”×“蛇”宿命の物語！！舞台は1945年――、現代最高峰の雀士・バード、戦後闇市へタイムスリップ！！ラスベガスの天才魔術師・バードVS裏麻雀界に君臨する無敗のイカサマ師・蛇の死闘“全自動…
賭博黙示録カイジ,東京に上京するも、定職に就かず自堕落な生活を続けていた伊藤開司(カイジ)は、ある日かつてのバイト仲間である古畑の借金の保証人になったことから、借金を肩代わりする羽目になってしまう。その借金の返済のため、ギャンブル船…
シノハユ,白築慕は小さな胸に大きな夢を抱いた。大好きな母に自分を見つけてもらうため、大好きな麻雀で注目される選手になると…。これは麻雀で全国の頂点を目指した少女たちの軌跡──。
麻雀放浪記,雀聖と謳われた阿佐田哲也の傑作小説「麻雀放浪記」を、当代随一の麻雀劇画家の嶺岸信明が劇画化。退役軍人の息子として生まれ、苦労せず育った哲也は、勤労動員で博打の味を憶える。終戦後、父の恩給が途絶え、一家の大黒柱として…
天牌外伝,『天牌』から生まれたもう一つの伝説！麻雀職人・黒沢義明が卓上に咲かす、136牌の軌跡！『天牌』本編に於いて主人公・沖本瞬を喰うほどの人気を誇る、瞬の師匠・黒沢を主人公に、瞬と出会う以前の黒沢の物語…ネオン街でのさま…
むこうぶち　高レート裏麻雀列伝,人の鬼と書いて「傀」と人々は呼ぶ。場の流れを読み高レート麻雀で勝ち続ける謎の男、傀。この孤高のハンターに狙われたら、生半可な人間は次々と闇へと消えていくしかない。冷徹で何を考えているかわからないよう描かれている傀で…
たとえ灰になっても,難病の妹を救う為、10億の資金集めに奔走する高校生・四宮良真は、不慮の交通事故で死んでしまう――。しかし目覚めた先は、天使クロエルが支配する地獄の狭間だった。そこは本名がバレると、灰になってしまう世界……。強制参加…
鉄鳴きの麒麟児　歌舞伎町制圧編,時速３万円!!フリー雀荘には必勝法がある――。リアル麻雀ギャンブル漫画最前線!!認めさせろ、誰が一番強いかを!!欲するのは、日本全国から猛者が集まる歌舞伎町での最強の称号!!強さのみを武器にこの密林を制せ!!特別収…
凍牌（とうはい）―裏レート麻雀闘牌録―,"金、女、臓器…欲望蠢く裏レート雀荘を荒らし回る男がいるという。その男、いまだ少年にして、冷徹なる思考、冷艶なる打牌、裏世界からは“氷のK”と呼ばれているが、自宅には少女を飼っていると噂される…。
         …"
バード 雀界天使VS天才魔術師,新たな闘いの幕開けッ！！全戦無敗の不敗神話！超能力者かペテン師か！？麻雀界に現れた奇跡の天使！！そのトリックにバードが挑む――！！
牌王血戦 ライオン,あの誇り高き孤高の猛獣が帰ってくる！！若かりし日に敗れた因縁の男との再会を望み、麻雀を打ち続ける伝説の雀士・堂嶋。彼は常軌を逸した人間島麻雀大会を優勝し島を壊滅させるも忽然と姿を消してしまった。だが人間島の脅威は終…
カジノグイ,血沸き巨額舞う魔窟“闇カジノ”!!「ここにある金、根こそぎ奪ってやる」真っ当に生きようとする施設育ちの青年・鈴木ゲン。そんな彼に無情なる現実が襲い掛かる―――施設時代からの妹分・まゆが一千万円の借金を背負う事となっ…
凍牌（とうはい）～人柱篇～,"謎の“名簿”を賭け、羽鳥と対局することになったK。しかし、羽鳥5万点、K3万点の持ち点で、点棒の代わりに1人6千点×5人の命という絶対的に不利なルールであった!!大人気麻雀バトル・コミック新シリーズ!!
     …"
賭博覇王伝零,振り込め詐欺によって奪われた金を奪い返し義賊として世間を騒がせた少年グループのリーダ宇海零は日本一の資産家、在全無量から「王への試験」に招待される。その試験とは在全が参加する世界の富豪達が富を統一させるギャンブルの…
ギャンブルッ！,▼第1話／マサル▼第2話／チンチロリン▼第3話／上限▼第4話／偏り▼第5話／バカラ▼第6話／ミニバカラ▼おまけ●主な登場人物／京本マサル（小学6年生。プロの賭け師を目指す少年）、ジャン（小学6年生。数学に関しては天…
すべて灰になっても,名を偽り、性を偽り、嘘と本能に従い、命と金を賭けた人生逆転のデスゲェム。本戦に勝ち進んだ参加者の、知られざる死闘を描く本格スピンオフが、今開幕!!　Aグループでは沙羅、ルセット、カエデを含む５名が、天使クロエルの元…
天～天和通りの快男児～,超濃厚心理麻雀漫画「アカギ」の主人公・赤木しげるが大人になって出て来ます。出だしこそ初期福本信行作品特融の人情系麻雀漫画ですが、赤木の登場を契機に途端に「ざわ…ざわ…」し始めます。ヤバイです。老アカギひたすらカッコ…
カイジ・トネガワ・ハンチョウ 帝愛グループ会社案内,帝愛グループの会社案内がついに登場!? 「カイジ」シリーズ、「中間管理録トネガワ」「1日外出録ハンチョウ」の三作品を楽しみつくす究極のコミックガイド本。「賭博黙示録カイジ」をはじめとする「カイジ」シリーズと、スピン…
哭きの竜,鳴くと必ず和了る男がいる。男の名は竜。鳴くことで運を引き寄せ、勝負に勝つ。そんな竜の強運を手に入れようとする男たちがいた。桜道会ーー関東一円に勢力を持つ東日本最大の広域暴力団。その一翼を担う甲斐組組長・甲斐正三もそ…
賭ケグルイ妄,隻眼眼帯の少女・生志摩妄。彼女が求めるもの、それは目が眩むほどのリスク。退屈な日常を否定し、突き刺すような痛みを欲して今日も独り、この狂った学園を這い回る――。正気じゃない。まともじゃない。これは飢え渇く独りの女の…
麻雀放浪記 凌ぎの哲,敗戦の傷跡がいまだ癒えぬ東京。そこにはイカサマ博打で金を巻き上げ、ハイエナのように生きるバイニンと呼ばれる男たちがいた!　哲はドサ健と知り合ったことをきっかけに博打の世界に足を踏み入れ、数々の技を合わせ持つ一人前の…
ウイナーズサークルへようこそ,漫画家の夢が砕け失意のどん底にいた山川七雄は、ある日、怪しげな占い師と出会い、お告げをうける。半信半疑のまま、告げられた場所に向かってみると、そこは…競馬場!?　当たったり外れたり、泣いたり笑ったり…。最強の予想軍…
鉄鳴きの麒麟児,職業＝雀ゴロ。麻雀の稼ぎで娘を育てろ！ネット麻雀の覇者がリアル麻雀を制する！「麻雀に流れはない」天鳳十段・渋川難波プロが説く勝つ麻雀の真髄。
じゃじゃ馬グルーミン★UP！,バイク旅行中に行き倒れ寸前で転がり込んだ馬産牧場。馬に魅了され、思春期の少年・久世俊平は一大決心。そうさ、夢は、ダービー馬育成！もう、ものすっごく、“北海道”！馬産地“静内”を舞台に繰り広げられる、夢とロマンの超本…
怜-Toki-,名門・千里山女子高校麻雀部の“一巡先が見える”少女、園城寺怜。小学生だった頃の彼女は、自分の未来についての一巡先を知らなかった──。
ラッキーマイン,捜せ、幸脈を。天運あふれる奇蹟の人を。　掘っても掘っても運が出る。尽きることなく運が出る。そんな鉱脈があると言う。富も地位も名声も。愛も子孫も長命も。掘り当てた者はすべてを手に入れる。人はそれを「ラッキーマイン」と…
麻雀放浪記 風雲篇,「雀聖」と謳われた阿佐田哲也の傑作小説『麻雀放浪記』の第２章『風雲篇』を、当代随一の麻雀劇画家の嶺岸信明が劇画化。麻雀の師・出目徳が死んでから数年後、坊や哲はヒロポン地獄に落ちていた。ヒロポン欲しさに打ったヤクザの…
ダイナマイトダンディ～地獄のワニ蔵～,三度のメシより、揉め事と人が嫌がる事が大好き！何より人に感謝される事が大嫌い！イカサマがバレても暴力で居直り！気に食わない奴らは徹底的に叩きのめす！宇宙一の負けず嫌い、卓上の治外法権男、『根こそぎフランケン』の超危…
バード～砂漠の勝負師～,イカサマ師vsイカサマ師の麻雀漫画と聞くと、ド派手なイカサマ合戦を想像しがちですが、この作品は一味違います！濃厚な心理戦と、ミステリー作品的な謎解きに力点を置いて構成された心理麻雀漫画、とでも言いましょうか。それに…
打姫オバカミーコ,神業的な強運一切無し！出てくる闘牌は全て現実的！やり取りがさりげなく解説になってて、漫画なのにそんじょそこらの麻雀指南書なんかよりずっと勉強になると言う…。流石、片山まさゆき。ノーテンキでオバカな雀師・ミーコが、女…
ぱちん娘。,ダメだけど憎めない、ぱちん娘たち☆『徒然チルドレン』『幸せカナコの殺し屋生活』の若林稔弥が贈る、ハートフルパチンココメディ！
蟻地獄,話題作「トリガー」に続き、インパルス板倉俊之の描き下ろし小説のコミカライズ化。作画は「トリガー」を圧倒的画力で描き切った武村勇治。主人公・二村孝次郎は幼馴染の修平とともに裏カジノでの儲け話を画策する…そして……待ち…
満潮 ! ツモクラテス,麻雀の強さって何だ？その頂は何処にある？麻雀は哲学だ!!波溜とミーコも友情出演!!“運”を巡る深遠な問いに真っ向勝負!!潮は満ちた。今こそ我が運、最高潮!!
角刈りすずめ,この角刈りがすごい！さすらいの角刈りが理想の麻雀を追い求め、みちのく雀荘ひとり旅!!
ぎゅわんぶらあ自己中心派,超強運の持ち主で麻雀の裏プロ・持杉ドラ夫が毎回個性豊かな面子達と麻雀勝負を繰り広げる。麻雀初心者でも楽しめるあんなネタこんなネタを盛り込んだ一冊！
スーパーヅガン,世界一つかん子、豊臣君。ヤス・信太郎・明智の３人組の素敵なカモ。春夏秋冬、東西南北、いつでもどこでも、豊臣のいるところ「づがぁ～ん」の叫び！！
鉄砲,どいつもこいつもちっちぇーッ。山藤弘明（さんどうひろあき）は「麻雀をするために生まれてきた男」を自称する、元・最強の喧嘩番長。その神がかり的な豪運で、予備校そっちのけで転々と通った雀荘生活も一年間無敗。そんな彼が大…
ワシズ　閻魔の闘牌,あの『アカギ』のスピンオフ！今度はワシズ様が主人公！本編以上に狂人…！本編以上にハッチャケまくり…っ！これがワシズ様の全盛期！『アカギ』の20数年前、戦後間も無い日本を舞台に、様々な（荒唐無稽な）麻雀による死闘を通…
連ちゃんパパ,パチンコ狂いの妻が突然の家出!!残された息子と二人、妻を探して日本中を巡る放浪記。300万の借金に残高のない預金。強面の借金取りに追い立てられながら、わずかな手がかりを元に妻を探して日本中を旅回り。少ない軍資金で日…
人間ダービー～金に溺れる母親たち,――母親という“女”の本性を暴くキケンな遊びが始まる！愛息の航一郎が進級でエリートクラス『花組』になった。（私はこうちゃんをのびのび育てたいのに…）そう思う専業主婦の佐江は、医師家系の夫や親族からの重圧、同級生のマ…
人間ダービー～金に溺れる母親たち【合本版】,――母親という“女”の本性を暴くキケンな遊びが始まる！愛息の航一郎が進級でエリートクラス『花組』になった。（私はこうちゃんをのびのび育てたいのに…）そう思う専業主婦の佐江は、医師家系の夫や親族からの重圧、同級生のマ…
ラッキーレディー,千春は、同じ会社の幸司と秘密裏に婚約中。キチンとした式を挙げて、新築のマンションに住むのが夢。その資金づくりのため、質素倹約に励む千春。しかし、同僚からケチと言われショックを受ける。そんな時、先輩の室田がパチンコで…
東京パチンコ娘,先輩につれていってもらったパチンコで隠れた才能を開花させてしまったOLの珠ちゃん。パチンコ娘珠ちゃんが行く先々で出会う個性豊かなパチプロたちと繰り広げるハートフルコメディ！
ミリオンガール,「あたしの宝物。それは母さんから受け継いだ琥珀色に輝く髪」 幼い頃に両親を亡くした琥珀幸はおじに引き取られ、財界トップの子女が通う名門校 帝都学院に通っていた。ある日、幸は学院の実力者 銀雨音から“マネーゲーム”と…
パパは馬券師!!,売れないマンガ家・鈴木イチロー、３３歳。離婚した妻に請求された慰謝料は、生活費を切りつめればなんとか払っていける１千万円のはずだったが、届いた公正証書に書かれている額はなんと……１億円!?　――「賭ける」ということ…
リーマンギャンブラーマウス,「暗闇を見ずに帰れば、アンタはただのネズミや！」――女房が離婚を要求し、横領上司が自殺した夜。カネに執着を感じないエリートサラリーマン・篁（たかむら）は、風変わりな“痴女”に導かれ、雑居ビルに隠された賭場へと足を踏…
リーマンギャンブラーマウス女体地獄編,かつて裏ギャンブル界で伝説となったサラリーマン・篁忠則。だが今の彼は、総務部クレーム対応課謝り係として窓際同然の毎日を過ごしている。そこに部下として巨乳娘の早乙女操が配属されてきた。戸惑う彼女に、篁は謝り係のイロハ…
天竜牌,高校生・天ヶ崎竜也は、失踪した父が残した雀荘で、打ち子として客の相手をする毎日を送っていた。そこに花竜という謎の美女が現れ、父の借金80億円の返済を竜也に求める。払えるわけもない竜也。花竜は謎の異空間で開催される究…
パチンコ・ドンキホーテ,『大工の源さん』『黄門ちゃま』『海物語』など懐かしの名機を作者自身がホールで打って、その結果を正直に報告する実録ドキュメンタリー漫画第1巻！！
雀首,人の皮を被った守銭奴の埋蔵金を掘り起こす!!　目標1兆円の超高額勝負。稀代の牌術師・小日向ジョーの本格アウトロー麻雀伝説!!
すずめの唄,リストラされた3人の男が再就職セミナーで出会い、共同出資で雀荘を経営することに。かわいい女子バイトのカオリちゃんとともに顧客獲得に励むが、来るお客さんは奇人変人ばかりで…!?
麻闘伝　ぬえ,裏世界を震撼させた男の狂気、解禁。欲望蠢く裏レート麻雀の世界「凍牌」スピンオフ第2弾!!氷のK、堂嶋に立ちふさがった最凶の難敵・若かりし高津則之の物語!!関東一円に勢力が及ぶ暴力団組織・桜輪会に若くして入門し、その…
脱衣雀荘すーあんこ～美人四姉妹がお出迎え～,見た目は普通のフリー雀荘。美人四姉妹が働くそこはリアル脱衣麻雀!?勝てば脱がせる特別サービスに数々の挑戦者たちが勝負を挑む！長女の喜多恵は幼い見た目ながらの豊満ボディ！次女の透花は母性溢れる朗らか美人。三女の聖子は…
恋雀、和っていいとも!!,トラック野郎ダンプさんの「恋と麻雀」に明け暮れる日々を、人情豊かに描き出す伝説の麻雀漫画シリーズが電子書籍で甦る！昭和の下町に生きる、長距離トラックの運転手ダンプさんは大の麻雀好き。今日も今日とて独身で幼なじみの悪…
天牌外伝DELUXE,『週刊漫画ゴラク』で好評連載中の『天牌』、主人公・沖本瞬の師匠である黒澤義明は、麻雀職人と呼ばれ、その存在は生きながらに伝説である!!彼を主人公として、卓上での様々な勝負や人との出会いを描いた孤高の抒情詩『天牌外伝…
死神サイ殺ゲーム,賭けるは、己の命！　賽を振れ！　願いを叶えるために！！　死神×異常賭博！　「答えは全て知りたい」がモットーの高校3年生・神沢正心。彼の父親と妹は交通事故で瀕死の重体となってしまう。だが、神沢は、絶望の中、妹・萌香の…
東大を出たけれどovertime,東大を出たけれど、金なし妻なし子供ありの麻雀プロ。こんな人生ありですか?実話をもとにした高学歴麻雀エレジー。激変する麻雀界、その中で須田はどう生きるのか。★単行本カバー下画像収録★
近代麻雀0号,近代麻雀の人気連載漫画が、なんと第1話×12作品無料で読み放題!!  「アカギ」「むこうぶち」「ムダヅモ無き改革」「BW(ビューティフルワールド)」「麻雀小僧」「鉄火場のシン」「鉄鳴きの麒麟児」「HERO」「雀荘の…
ムダヅモ無き改革　プリンセスオブジパング【分冊版】,シリーズ累計２５０万部！政治×麻雀×アクション漫画の金字塔待望の新章スタート！！！！！！今度の敵（!?）はアメリカの暴君・第４５代米国大統領D・トランプ。そして日本の危機を救うのはなんと…最強のDNAを持つ皇族系（…
麻雀放浪記2020 連載版,混沌としていた戦後の東京――。そこには博打の世界に全てを賭け、憧れを抱く若者たちがいた。これは激闘を繰り広げながらもさまよう彼らの生き様を描いたピカレスクロマン………なのか!??
ロスト失踪者たち【分冊版】,全てを失って逃げこんだ先は新宿の雑踏にある一軒のフリー雀荘。財布の中には小銭しかない。それでも俺は生きることを選択した。ここは戦場だ。戦場で戦わない者は殺されるしかない。
PokerMillions【分冊版】,"ポーカー世界選手権の最高賞金は何と約10億円!! ノーレートギャル雀店の週末店長のアキラが、オーナーの指示で新しくできたカジノバーのヘルプに行くことに。そこで初めて見たポーカーの魅力に取り憑かれ…!?
      …"
パーラー栄通り,「パチンコのホール」という親の仕事を嫌い大企業に勤めていた花咲大吉は、ある日親の仕事を継いでいた兄・寅男が突然事故死してしまったことを知る。親父の「パーラーさかえ」を継いでほしいという頼みを一度は断る大吉だったが地…
パーラー栄通り【合冊版】,「パチンコのホール」という親の仕事を嫌い大企業に勤めていた花咲大吉は、ある日親の仕事を継いでいた兄・寅男が突然事故死してしまったことを知る。親父の「パーラーさかえ」を継いでほしいという頼みを一度は断る大吉だったが地…
7days 13hours,ナンバーワン風俗嬢七海とパチスロとの対決。そして決着は…!?
咲-Saki- re:KING's TILE DRAW,麻雀が嫌いだと話す宮長咲基、そして麻雀に青春をかける原邑和加。麻雀に相対する二人の男子高校生が出会う時、その卓上には奇跡の花が咲く!!　熱き男子たちの青春物語、ここに開幕！
咲-Saki- 画集Ritz Kobayashi illustrations,フルカラー304ページ、極美イラスト250点以上を収録した、連載15周年＆シリーズ累計10，000，000部突破の記念画集!!!　五十嵐あぐり、めきめき、木吉 紗、極楽院櫻子、大和田秀樹による描き下ろしスペシャルイ…
隻眼の鴉,青山広美原作、盛田賢司作画による究極のギャンブル界の死闘。国家予算をも超える巨額マネーを賭けて、勝つのはギャンブラー？それともビジネスマン？勝負の行方は!?
竹書房の日2021記念小冊子　近代麻雀編,『竹書房の日2021』を記念して、竹書房コミックの「今」を詰めこんだ試し読み無料小冊子を、ジャンル別にご用意いたしました！竹書房コミックのスターターブックとして、ぜひご一読ください！■収録作品■『キリンジゲート』塚…
ギャンブル＄シェアハウス,「ギャンブル＄シェアハウス」───。それは、選ばれた人物だけが視聴して”参加”もできるリアリティショー。 ショーに参加する住人たちは全員がギャンブラー。嘘と謀略が支配するシェアハウスで、元天才起業家イシカワは生き残…
安永萬むこうぶち名勝負特集,『むこうぶち』56巻発売記念！「追悼・安永萬」として、安永萬のエピソードを集めた無料小冊子を期間限定で配信！麻雀のオモテもウラも知り尽くした麻雀プロの俺だが、たった一人敵わない男がいる…。そいつが傀（カイ）だ。この…
カケザル,賭けざる者、楽しむべからず…！スタジアムでビールの売り子をしていた女子大生・つくみは、風変わりな青年・御厨と出会う。御厨は試合展開を予言的中させ、試合終了前にスタジアムを去ってしまう。思わず後を追ったつくみは、御厨…
哭きの竜～Genesis～,"2016年、新宿・歌舞伎町にあの男が帰ってきた。闇社会の麻雀士“哭きの竜”ーー命を賭けた勝負でも冷たく鳴き、勝ち上がる男に、極道たちは惚れ抜き、追い求める。そして竜は誰のものにもならなず、闘い続ける……！
    …"
おしりペンペン,上京したて純太がやっと知り合えた女・由美子の趣味は競馬だった！そんな彼女のハートをゲットすべく、彼女と競馬場に足を運ぶが･･･。今ここにまたひとりの馬バカが誕生した。
咲－Saki－,美少女たちの超絶麻雀バトル！華麗に乱れ舞う136牌！卓上に咲き誇る美しき花！ネット麻雀人口を確実に増加させた（？）、萌え度アップ、百合度アップ（？）でお送りする、タコスで池田ァーッな『咲-saki-』フィルムコミッ…
馬ぐそ伝,馬草馬之介は予備校に通うために岩手から東京に出てきた。そして東京に出てきた運だめしに宝くじを1枚購入し…下宿先の曲垣宅に向かう途中腹が痛くなりトイレに駆け込んだが紙が無い事に気づき持っている紙は「お札」「宝くじ」「…
片山まさゆきの麻雀教室,これから麻雀を始めようと思ってる人にオススメ！強くなりたい中級者にもオススメ。麻雀漫画の第一人者・片山まさゆきによる、片山キャラ総登場によるオモシロ麻雀漫画マニュアル！「初級講座」では牌の読み方から上がり方、マナー…
桜井章一伝 ショーイチ,『真説桜井章一』、『伝説の雀鬼』へと続く「ショーイチ」3部作のファーストシリーズ、ついに配信。刃物を突きつけられ、親指を折られ、死を覚悟して打った一局。銀座の夜の帝王との死闘。トップクラスの麻雀打ち4人による、イカ…
東大を出たけれど 麻雀に憑かれた男,原作者＝主人公…つまり、実在の人物。東大を出たのにまともな職にも就かず、麻雀打ちをやっている男の、雀荘を舞台とした哀愁の人間模様。根っからの麻雀好きは勿論、安定した道を取らずに夢に走っちゃった人や、目的も目標も見つ…
フリー雀荘最強伝説萬ONE,麻雀をギャンブルとしてではなく、スポーツのノリでやったら多分こんな感じ。そこには「金の取り合い」的な後ろ暗いモノは無く、若者たちの爽やかな対決の世界が出来上がる。若き雀士たちが互いのプライドを賭けて実力を競い合う、…
新フリー雀荘最強伝説ワン,麻雀無敵男「ケン師匠」の師事の元、麻雀の腕だけはそこそこモノになって来たダメ大学生の萬（よろず）。そんな彼の日常に、隣の部屋のベランダから下着姿の女の子が転がり込んできて、萬のストーリーは再び動き出す。彼女は隣の部…
黒の男,組長に絶対的な忠義をつくし、組長の為ならどこまでも冷酷に、咥えタバコで対局者の命を刈る凄腕のヤクザの代打ち・十字猛夫。10年の刑期を終えて娑婆に戻り、大鷲組の代打ちとなった十字は、ヤクザ同士の利権を賭けた対局の場に…
殺し屋ネコ,狙った獲物は必ず「殺す」。狙った獲物からしか和了らない少女雀士、通称「殺し屋ネコ」。かつて地下麻雀のプリンス「遊冶郎（ゆうやろう）」との無謀な賭け麻雀で、友人の片腕を飛ばしてしまい、ネコは依頼された打ち手を麻雀で殺…
天風の戦士,研ぎ澄まされた感性で「牌を刺す」！人呼んで「かげろう打ち」！超絶・裏プロ伝説！表の顔は普通のサラリーマン。しかし、裏の顔は歌舞伎町の代走屋。身を切るような真剣勝負に北澤を誘うのは、いつも腐臭を放つ使者だった。牌を打…
てっぺん,｢何を切るか｣ではない、｢何を引くか｣だ!! それが超一流の条件!! 悪鬼が巣食う卓上の獣道に、二人の若者が足を踏み入れた。一人はエリート代議士の次男坊。家に反発し、麻雀のために高校を中退した優等生。もう一人は不良…
白,マージャンに懸ける青春！「白（ハク）」こと水野義江は高校2年生。夢中になれるモノを見つけられず、ゲーセンの麻雀ゲームで燻っていた。そんな白の腕を見込み、一人のヤクザが白をイカサマ麻雀の場に連れ出す。しかし白は教えら…
ジャングル,昭和42年、函館。無二の親友・英二と駿は、雀荘荒らしをして日銭を稼いでいた。あるとき、冬村と言う男に出会い、英二の腕を見込んだ冬村に連れられ、ふたりは代打ちとして上京する。しかし冬村が見ていたのは、天性の豪運を持つ…
紅蓮,愚連隊の神様と呼ばれた伝説の男をモデルに描いた麻雀人情劇。愚連隊の首領でありながらヤクザを嫌って生涯カタギを貫き通し、昭和3、40年代の不良少年たちの憧れの存在として死ぬまで愚連隊のダンディズムを貫き通した男の物語…
逃亡者,麻雀でも喧嘩でも絶対に背中を見せねぇ…それが「向こう傷の健」の双つ名の由来！ヤッパを向けられてもチャカを突きつけられても「そんなもんに震えて麻雀が打（ぶ）てるか!!」、顔色一つ変えず大三元をツモ和了る！しかし健を1…
幻に賭けろ,麻雀のセオリーって何だ？日本プロ麻雀協会初代会長・土井泰昭氏原作による、麻雀愛溢れるストーリー漫画。闘牌シーンのクオリティが非常に高く、登場人物たちの一打一打を通して、ストーリーを楽しみつつ超実践的な麻雀の戦術書と…
あぶれもん,横浜の弘明寺と言う小さな街に、二人の天才雀士がいた。一人は新堂啓一。純粋な心で麻雀を愛する、街始まって以来の神童。もう一人は轟 健三。獲物と見たらゆっくりじっくりしゃぶり殺す、冷酷非情の最強の悪党。全く正反対の二人…
凌駕,職業：警官、副業：代打ち。警官の身でありながら高レートのご祝儀麻雀で守銭奴のように金を稼ぐ男、凌駕。かつては射撃のオリンピック強化選手で出世頭のエリート警官でもあったが、独断で銀行強盗を射殺し、人質女性・美魚子に深…
根こそぎフランケン,気は優しくて怪力麻雀（ちからもち）。カモを生かさず殺さずの小博打で糊口を凌ぐ雀ゴロの竹井の前にあらわれたのは、天真爛漫なバカヅキ麻雀の大男・フランケン。どこまでも純粋な麻雀バカで、世の理から外れた聖者の豪運を持つフ…
走れガバチョ！,三年前…北海道・浅井生産牧場――生産牧場とは繁殖牝馬に仔を産ませ明け1歳の秋頃までに馬主に売り、生計を立てる牧場である――その牧場にいた母馬・おちょうは最後の仔を産み生涯を終えた…産まれた仔は「ガバチョ」と名付けら…
麻雀無限会社ZANK,内定を取り消され、引越し当日に住処も失い、家財道具一式を持って苦し紛れにホテルの一室に転がり込んだ2人。若き麻雀打ち2人は食いつなぐため、麻雀を仕事にした会社を大真面目に設立！フリー雀荘で日々の部屋代及び生活費（＝…
ナルミ,「決め打ち」とは、配牌の時点で手役を決めて打つ麻雀の打ち方の事。田舎で地元ヤクザの代打ちとして粋がっていたナルミは、雀荘で格違いの決め打ちをする男に出会い、大敗を喫する。彼こそは代打ち界の頂点に君臨する男、菱田組直…
西校ジャンバカ列伝 かほりさん,練馬区西校在学、オカッパ菩薩顔のちんちくりん女子高生・小島かほりは、ヤクザも「さん」付けするほどの希代の雀士！ヒリヒリする緊張感を求めてマンションからマンションへ。刀を突きつけられても退かぬ媚びぬ省みぬ！この生き様…
雀鬼サマへの道 実践！雀鬼流手ほどきの書,雀鬼ファンの少女漫画家・谷口亜夢先生が、麻雀初心者の視点で描く、実録“雀鬼流麻雀”入門漫画。桜井“雀鬼”章一氏にお近づきになりたくて、雀鬼の麻雀道場「牌の音」にマジ入門しちゃいました！麻雀教本漫画は数あれど、雀鬼流…
トーキョーゲーム,お前はもう、トんでいる…！北斗の麻雀！199X年、東京は直下型大地震により廃墟と化した――！暴力が支配する無法地帯・東京で繰り広げられる、カオス＆バイオレンスなサイバーパンク麻雀活劇！屈強な無法者たちが互いの臓器を…
迷彩都市 カモフラージュ・シティ,右手の指をすべて切り落とすという猟奇連続殺人事件が発生した。死体の傍らには、決まって麻雀牌が置かれていた。北、西、南、東、九萬……置かれた順に牌を並べ、何らかのメッセージを読み取ろうとする捜査本部だが、謎は深まるば…
幻刻の門 新撰組70's,麻雀ブーム真っ只中の昭和43年にタイムスリップしてしまった津田ナオト。そこで彼が出会ったのは、若かりし日の“ミスター麻雀”小島武夫、そして在りし日の雀聖・阿佐田哲也だった。現代のスピード麻雀は当時に於いては異色で、…
イッパツの女,麻雀とエッチを強引に両立する女、登場！好きな麻雀を打ててHの相手も見つかる！まさに一石二鳥！これが麻雀で男を篭絡する究極の裏技…なのか！？「負け分は体で払う」なんていかにも自信あり気な台詞を吐きつつ、そもそも勝負す…
自撰劇画傑作集 北家の獅子,奴の名は獅子頭――通称、北家（きた）の獅子。奴はプロになって15年、未だかつて負けは知らねえ。奴の麻雀は運もカンも頼らねえ。ただ信じるのは己の頭。じっくり相手の打ち方を観察してナ。ラス親に勝負をかける。奴の頭の中は…
麻雀新世紀 赤の伝説,『フリー雀荘最強伝説萬ONE』に登場した人気キャラ、“赤い彗星の西”を主人公としたスピンオフ作品。本編『フリー雀荘最強伝説萬ONE』では、過去に敗北を喫した“ホクトのケン”にリベンジマッチを挑む形で登場する西。これ…
麻雀グラフィティ,剣名舞の原作付きで描く、福本伸行、幻の初期作品集!弱気が祟っていつも裏目を引いてしまう東公平、冴えない中年男性の契約愛人をしている南田蘭子、父の威光を借りずに生きたいともがく裕福な北条和彦、東京と地元のどちらで就職…
世紀末博狼伝 サガ,打てば極楽、打てば地獄、それがギャンブラーの宿命（サガ）！バカ勝ちとボロ負けを数日置きに繰り返し、高級ホテル暮らしとホームレス生活を行き来する男！伝説のギャンブラー、その名も“サガ”！！ギャンブルだけに生きると豪語…
雀キチADびんびん物語～ヤングTVマン奮戦日記～,俺、富ちゃんこと富田寿(とみたやす)は、好きで麻雀をやっているわけではない……ならば何故やっているかって？　それは俺がAD(アシスタント・ディレクター)だからだ！俺達下請け制作会社のADにとって麻雀は絶対必要条件な…
パチンカー血風録,主人公・銀崎竜次は凄腕の盤面師だ。盤面師とはパチプロにしてパチプロにあらず、釘師にして釘師にあらず、盤面を挟んで、裏と表、両面で生きる男のことである。銀崎は、亡き父の仇である日本屈指の総合遊戯産業会社「黒遊会」への…
牌龍　異能の闘牌,"牌龍（パイロン）＝麻雀超能力！麻雀においてのみ発揮される“異能の力”を駆使して命を賭けた“闘牌”に挑む者たちの壮絶なバトルをかつてないビジュアルで描く超能力（サイキック）麻雀アクション！卓上を龍が舞う…！
    …"
北の狼,札幌に旅行に来ていた雪子は婚約者の智に似た男、仁と出会う。右手に傷を持ち、北の狼と呼ばれて恐れられる仁に雪子は心を奪われる。
バード　最凶雀士VS天才魔術師,麻雀革命！　天才魔術師（マジシャン）の発想が麻雀の常識を変える！！　究極のトリック麻雀マンガ！　一撃必殺！　「全自動卓天和」炸裂ッ…！！　蛇vs鳥（バード）宿命の対決、開局ッ！！！　百戦錬磨の悪魔の指か！？　奇跡を…
殺気ゆえ,「海辺の殺人者」「この世に存在しない牌」の夢をみる男・深見は超高レート麻雀賭場で心理カウンセラー・沼辺と出会う。「自分が何者か」を知るために沼辺と関わる深見は…。
大・正・麻・雀・浪・漫　あさすずめ,"時は大正浪漫の頃、上海帰りの詩人、富村が持ち帰った小さな木箱…中に入っていたのはその後多くの人々を魅了する麻雀牌だった。麻雀を人があさすずめと呼んでしまう時代…大岡新作はその遊戯に全てをぶつけてゆく…
      …"
ダブルフェイス,「競技麻雀プロの第一人者」と「雀ゴロ」――１つの肉体に、まったく正反対と言える２つの人格が。１人の葛藤はやがて２人の闘いになっていた…
雀術師シルルと微差ゴースト,どんなにツカなくてもこの世界で僕は変わる。ずっと日に当たらず、燻っていた薄影幽の挑戦が始まる！すべての麻雀ファンに捧ぐ――！！
押忍!!麻雀部,偏差値70の名門校・大阪通天閣大学。その中でもひときわ異彩を放つ“麻雀部”をまとめる主将・高木義成が知力、体力、豪運、気合、根性…全知全能をかけて麻雀に挑む魂の闘牌劇！！
無双大戦,国士無双13面待ち…四方の打ち手が同じ手を持ち同じ牌を待つ。完全なる安定ともいえる状況――13大聖人にまつわる13の骨牌（カルタ）がひとつに集まるとき、完全なる安定・均衡した平和、国士無双13面待ちの世がもたらされ…
一畳間の純チャン,あるトラウマを持つ孤児だった少女と、イエスと呼ばれるホームレス、謎のマンガ家に家庭崩壊のサラリーマン…。とある雀荘にあつまるちょっぴり狂気（！？）でなんだか温かい、麻雀をこよなく愛する、迷える子羊たちの物語。「お布…
FLEHMEN,その男の笑みは全てを見通す！完全民営の巨大刑務所・天國山。「金がすべて」が唯一の法律であるそこでは巨万の富を持った犯罪者たちが好き勝手に暮らしていた。人の心を見通す謎の男・御船玲司が入所するまでは…。超高レート麻雀…
リペアマン　修繕屋,「哭きの竜」「月下の棋士」の能條純一渾身最新作！！＜全人類の未来を賭けた、一人の男の闘いが幕を明ける。＞廃墟と化す日本の未来――。その未来を変えるためリペアマンは現代へと舞い降りた。そして、各地で噂される都市伝説。…
脱衣転生,「マッドブル」「夜王」の著者・井上紀良が描く異色作！本作のテーマはずばり“脱衣麻雀”。とある謎の秘密団体が両国国技館で主催する“麻雀イベント”で繰り広げられる、闘牌＆エロス＆バイオレンス盛りだくさんの麻雀劇画。借金…
幻の麻雀牌譜　ザ・ライブ,「場は平たくしないとね」偶然見つけられた一枚の牌譜。それは超一流プロを掌で転がすようにあしらったひとりの男の記録だった。
ゴールドハイ,己の愚かさにより失墜した人生の脱落者に、最後のチャンスを与える金色の麻雀荘――人はそれを「金色荘」と呼ぶ。そこは世界中の大富豪が、死に物狂いで麻雀に挑戦する脱落者を嘲け笑い、絶望する様を楽しむ悪趣味過ぎる黄金ステー…
BW（ビューティフルワールド）　麻雀星取伝説,そこは麻雀至上主義の世界…！100個集めれば願い事がなんでも叶うという「星」を求めて麻雀初心者・新条匠は命を賭けた星取り戦に挑む――。
無法地帯の賭博師モリソン,近代麻雀で大人気連載中「無法地帯の賭博師モリソン」の待望の第１巻!!渋谷に突如現れた主人公の森村雄大（通称：モリソン）。高レートフリーで勝ちを積み重ねる彼にはとある壮大な計画があった…。人生を…世界を変えるために裏…
鉄牌のジャン！,シリーズ累計800万部『鉄鍋のジャン! 』西条真二が送る料理×麻雀アクション!!“天才悪童VS最狂タブー雀士、新たなる無敗伝説スタート!!”麻雀界に突如現れた伝説の雀豪のDNAを持つ男・黒鉄雀(クロガネジャン)。ど…
花鳥風月,貧困・虐待・奴隷人生を卒業せよ！仁義なきウラ女子高生麻雀サバイバル！！★単行本カバー下イラスト収録★
カナ 丹花の闘牌,シリーズ累計300万部突破『兎』スピンオフ最新作!!本作のヒロイン女子中学生・新庄香那が麻雀アイドルデビュー宣言!!父親譲りの雀力と底知れないカリスマ性を持つ彼女が巻き起こす緊張感120%学園闘牌劇!!!★単行本カ…
ナナヲチートイツ 紅龍,麻雀劇画史上、もっともバイオレンスでエロスな衝撃作「ナナヲチートイツ」の続編が登場! 互いに実親に裏切られ、奴隷となってしまった男女の高校生が、自由を掴むため麻雀の大勝負に挑む……続編では晴れて自由の身となった高校…
笑うあげは,“あげは”と呼ばれる謎の美女は盲目だった。にもかかわらず、そのしなやかな指先は自在に牌を操る。澱みなく…優雅に…華麗に…！！美しく宙を舞う蝶に引き寄せられるように、彼女に挑む男たちが目にするのは！？★単行本カバー下…
パチスロ貴族　銀,小説家志望のフリーライター音無銀也は行きつけの店のマスターから奇妙な誘いを受ける。日本一のスロッターが集うスロシアムで銀也は己の隠れていた才能を開花させる。選ばれし者パチスロ貴族とし銀也は、さらなる激しい戦いに巻き…
ロスト失踪者たち,"全てを失って逃げこんだ先は新宿の雑踏にある一軒のフリー雀荘。財布の中には小銭しかない。それでも俺は生きることを選択した。ここは戦場だ。戦場で戦わない者は殺されるしかない。★単行本カバー下イラスト収録★
      …"
聲鬼,声で人を殺す？　声優の卵　神田悠奈はある暗黒賭イベントに参加。勝利すれば望みの番組の声優に選ばれる。が、失敗すれば、すなわち死　との噂。対戦する売れない芸人とダウトで死闘をくりひろげる。崖っぷちに立つ悠奈がしぼりだ…
悪童-ワルガキ-,ひとつの身体に宿った二人の復讐劇――。冷たい海の底。最悪の日常に、新たなる明日がうまれる。★単行本カバー下イラスト収録★
ギャル雀ロ～ド,ギャル雀「おままごと」の店長・幸田俊夫、29歳。好きな麻雀で食っていこうと、脱サラしギャル雀を始めてウハウハな毎日を夢見てたものの、店内ではロシアのコギャル・ナスチャと、ホール最年長のカオリの血で血を洗う（？）抗争…
ムダヅモ無き改革　プリンセスオブジパング,シリーズ累計２５０万部！政治×麻雀×アクション漫画の金字塔待望の新章スタート！！！！！！今度の敵（!?）はアメリカの暴君・第４５代米国大統領D・トランプ。そして日本の危機を救うのはなんと…最強のDNAを持つ皇族系（…
悪童-ワルガキ-【分冊版】,ひとつの身体に宿った二人の復讐劇――。冷たい海の底。最悪の日常に、新たなる明日がうまれる。
連ちゃんパパ【合冊版】,【この作品は同タイトルの合冊版です】パチンコ狂いの妻が突然の家出!!残された息子と二人、妻を探して日本中を巡る放浪記。300万の借金に残高のない預金。強面の借金取りに追い立てられながら、わずかな手がかりを元に妻を探…
蓮次,麻雀で借金をつくらないこと。もし借りたらすぐ返しましょう。夢々、麻雀で取り返そうなどと思ってはいけません。ハードでお洒落な取立てやが控えている…。
ドラゴン先生,"レジェンド再降臨!!パチンコ・パチスロ界のカリスマとして名を馳せた「ドラゴン先生」が、実践を交えながら未経験者でも楽しく遊べるよう基本をレクチャー!!見極めや立ち回り術など、自身の持つ強さの秘密を伝授する――!!
…"
ドラゴン先生奮戦記,"パチンコ・スロットを愛し愛された男、ドラゴン先生が教えてくれるパチンコテクニック！彼が「神様」と呼ばれるまでの武勇伝が今ココに…！！パチンコ・スロットがお好きな方、これから始めようと思ってる方、必見の漫画です!
 …"
打天使,15年前の夫の死の謎を解き明かすため、一人の女代打ちが復活した――。すべてを射抜く氷のまなざしが、卓上に凍てつく吹雪をまきおこす――！！人呼んで氷の女、水無月冬子――！！
オーラ打ち言霊マンボ,5万人ぐらい来るんじゃない。俺様の対局ギャラリーに。片山まさゆきが描く麻雀プロの世界。限りなく事実に近いフィクション！！（関係者談）作品中の闘牌は全て実戦譜から！！
真剣,麻雀は最後に点棒を持ってる奴がトップで偉くて金が貰えるんだ。だから稼げる時に稼がなきゃダメなんだ。(ヒサトノートより)実録！フリーで1000万貯めた男！！
風の獅子,男が卓に座るとき、摩天楼に風が吹く。風を自在に操り、常に勝つ。勝って勝って勝ち続けることを背に負った勝負師。天は彼に負けることを許さなかった。敗れたその日より安息のときを得られ、彼を待つ女のもとに風が運んでくれるこ…
銀ヤンマ,やくざ相手の賭け麻雀を請け負い、不敗を誇る孤高の雀士・銀次。その表の顔はなんと刑事だった！秋空を高く舞う「銀ヤンマ」の異名を持つ銀次と組織の代打ち・志村との勝負の行方は…。鬼才・福本伸行が描く、闇の世界をうごめく雀…
TATTOO-魔性の闘牌-,顔半分に彫られたTATTOOで人間的感情を塗りつぶし、四暗刻ですら惜しげもなく切り崩す強引な闘牌で清一色を呼び込む悪魔的雀士・亮。対面するもの全てを飲み込むその黒い殺気に、ある者は魅せられ、またある者は畏怖する。　…
風の三日月,「”三日月”って男に会ったことあるかい？利き腕を潰されたうえに深海魚の餌にされちまったって話だが――。」　風牌を自在に操り卓を支配する、復讐専門の代打ち屋、通称”三日月”…。かつて漆黒の闇に沈んだはずの三日月が再び…
トリぷるHONEY,西新宿学園で話題の美人三姉妹。勝てば脱いでくれると言う最強麻雀の桂谷三姉妹、桜、紅葉、桐！プロ雀士を目指す高校一年生・諸星健太郎は転入早々三姉妹に勝負を挑むがあっけなく敗退。10万円を巻き上げられてしまう。学校内外…
勝負師の条件,渋い！激渋い！ヤクザの代打ちとして無敗の強さを誇る男の麻雀漫画と言ってしまえばありがちな内容。しかし！この作品の醸し出す渋カッコいい空気は半端ないッス！勝負師達の生き様にクラクラ来てしまいます。無敗の雀士・桂木。数…
脱衣雀荘すーあんこ～美人四姉妹がお出迎え～ 【合冊版】,【この作品は同タイトルの合冊版です】見た目は普通のフリー雀荘。美人四姉妹が働くそこはリアル脱衣麻雀!?勝てば脱がせる特別サービスに数々の挑戦者たちが勝負を挑む！長女の喜多恵は幼い見た目ながらの豊満ボディ！次女の透花…
ナルミ麻雀DNA　風の遊戯,かつて不敗を目指した麻雀打ちがいた。己を焼き尽くすほど勝負に命をかけたその男は伝説となった。そして時は流れ、今…その血を受け継いだ少女が覚醒する！！★単行本カバー下画像収録★
鉄牌のジャン！VR,シリーズ累計800万部「鉄鍋のジャン！」スピンオフ最新作！！“天才料理人×鬼才雀士”――この男、最狂の二刀流！！突如、麻雀界に現れた伝説の雀豪のDNAを持つ男・黒鉄雀(クロガネジャン)。“無敗”を公言する彼には敵対…
じゅうしまつ,"“優愛法”――。それは昭和71年に制定された死刑制度に対する最後の防波堤。死刑確定囚に麻雀を打たせ、己の器量と天運を証明した者には無罪放免の恩赦が与えられる。通称“14階段”――。★単行本カバー下画像収録★
   …"
狐火,魑魅魍魎の蠢く卓上に魔性の女が舞い降りる!?彼女の名は沙耶!!対立する暴力団をバックにつけた大手開発事業団の間で行われる麻雀勝負、掛け金は開発予定地となった工場跡地。何百億という金が動き莫大な利益を生む土地を賭けた…
ミスターブラフマン,少女マンガ家を生業とする漫画家・氷室晶。彼はシャイで小心者で礼儀正しい好青年。だか、その正体は泣く子も漏らす超強面、ミスターブラフマンなのであった（本人は無自覚）。その氷室が、原稿を描きあげた自分へのご褒美に、大好…
牌人ゲーム,生き残りを賭けた極限の駆け引き！！たった2局ですでに64人惨殺！！ようこそ狂気が紡ぐ最悪のデスゲームへ！！★単行本カバー下画像収録★
MJM,束(ずく)…高レート麻雀の際、支払い時にかさばらないように、ゴムやホッチキスでまとめた一万円札の束のこと。戦後、バブル期を超え生き続ける賭けマージャン界。そんな現代に己が腕一つで賭場を渡り歩く男、尾神。フリー雀荘で…
海蔵,警察も、極道も、法すらもさばけない……それを裁く仕置人『海蔵』！火災現場で人を救うはずの消防士……そのはずだったのだが、過去の火災現場で救助対象であった母親から発せされる断末魔の歌声に魅了され、以来その消防士には炎…
惚れてツヨシ,オーナー甚八19歳（には見えない）宅に住み込みで、雀荘「万子」（出オチかよ）でバイトを始めた家出娘・松下あかね17歳。麻雀は強いがスケベな性格の甚八に尻を触られたり胸をもまれたりしながら（非常に素晴らしい職場環境で…
麻雀 下駄を履くまで,昭和37年、新宿。C大を卒業したのにもかかわらずまともに就職もせず、フリーの賭博師としてイカサマ麻雀や壷振りなどでダラダラと生計を立てる池谷が麻雀を通して邂逅する、薬漬けの女子高生や麻雀狂いの若社長などなど道外れた…
麻雀馬鹿物語,雀ゴロサラリーマン武上が、麻雀を通して覗き見る人間模様。麻雀のカモを探しに三流飲み屋「呑」にやって来た武上。ここには麻雀狂いの一流クラブ「友加」の友加ママが、麻雀の面子を求めてやって来る。「呑」のマスター・シゲは友…
RUDE 39,パチンコで日銭を稼ぎながら何者にも縛られず自由気ままに過ごす39歳、片桐有二のRUDE（悪ガキ）のような生き方を描いた作品。その自由な生き様には、あの赤木しげるにも通じるモノを感じます（16歳の女子高生をパチンコ屋…
春風にようこそ,まだ、ざわざわ・・してなかった頃の初期の福本信行作品。現在のヒリつくような作風とは相反して、当時の作風は非常に爽やかです。民宿の人々とのふれあいを描いた人情民宿麻雀ドラマ。「春風」――そこは、伊豆で一番客が少なくて…
熱いぜ天馬！,これはスゴイ。福本信行が描く、少年漫画的ノリの麻雀漫画。中学生の天馬が、中学生離れしたクソ度胸と勝負勘、ここぞと言う時の鬼ヅモや、最後まで勝負を諦めない不屈の精神で強敵達を打ち破る麻雀漫画なのですが、その強敵たちが…
熱いぜ辺ちゃん,ペンチャン待ちを一発でツモる事もある。ペンチャン勝ちが三面待ちに勝つ事もある。目先の理よりも夢を追い、笑いながら役満振り込み。そんな生き方。誰よりも麻雀が好きで、誰よりも麻雀を楽しく打ち、明るく陽気で、周囲の人間を…
ラスベガスキング,大金を賭け、世界中を回遊するハイローラー達をホエールと呼ぶ。あいつはその鯨達を追うように、世界中のカジノを渡り歩く。はっきりしているのはただ一つ――“今まで誰にも負けたことがない”という奇跡・・・・！！★単行本カバ…
リーチメン！,ハッタリと麻雀勘の杉太、家賃滞納パソコンオタクの桐人、絶対冷温色男つかヒモの仁春。どうしようもない俺達三人だが、金はなくとも野望（ゆめ）はある！だませ！むしれ！成りあがれ！目指すは勝ち組！一攫千金！一番星！地雷原だ…
麻雀放浪記2020,不朽の名作、阿佐田哲也の『麻雀放浪記』を原案に、2020年オリンピックが中止されてしまった東京を舞台に、1945年の“戦後”からやってきた若き天才ギャンブラー・坊や哲が、麻雀で死闘を繰り広げる。★単行本カバー下画像…
リペアマン　修繕屋【分冊版】,バス停に突然、現れる郵便箱に“願い事”を書いた紙を投函するとその願いは叶うという。サングラスの謎の男が現れる時、運命の歯車が廻りだす!!
麻雀人口増加計画☆,内容紹介：「麻雀人口増加計画」とは、麻雀ファンを増やすために女流雀王・大崎初音プロが発案・推進する麻雀普及活動のことである。大崎プロは、麻雀の楽しさ・素晴らしさを伝えるために、同志「紅孔雀」のメンバーとともに、日々…
JKオブ・ザ・デッド,シリーズ累計800万部「鉄鍋のジャン!」の西条真二、最新作!ある日突然、街はゾンビが徘徊する世界へと変貌した。そんな中――廃墟と化した高校の片隅で生き残った女子高生たちは残されたわずかな食料と「麻雀牌」で飢えと退屈…
美少女雀士！スパローガール！,変化のない世界に息苦しさを感じていたお嬢様学校の優等生・音羽は夜の街で同じクラスの美少女・小鳥子と出会い後をつける。その先で音羽が見たものは―――仮面と可憐なコスチュームを身に着け高額な麻雀対決に身を投じる小鳥子の…
ゴールデン桜,麻雀プロって稼げるの……!?モデル兼プロ雀士の岡田紗佳、漫画原作デビュー作品?実力はあるがまったく無名・低収入のプロ雀士・早乙女卓也は同棲していた彼女にダマされ借金500万円を背負うことに。勘当された両親をはじめ、…
ザ・トラックマン,競馬専門紙「競馬ゴラク」の驫木一番（とどろきいちばん）は、大胆な穴予想で高配当の３連単をズバズバ的中させる競馬記者（トラックマン）だ。女性関係もかなりのイケイケで爆乳タレントから行きずりの女性まで食いまくり!!　だ…
アプサラス,それを持つ者に好運をもたらすと言う伝説の六つの賽（さい）…アプサラスシックス！遥かインドより伝わりし六つの賽は、数奇な運命に翻弄されて、世界各地にバラバラになってしまったと言う。時は流れ、日本。とある小さな商店街に…
朱雀・歌舞伎町雀姫伝,歌舞伎町にある雀荘「海底撈月」。ここに１人の女子高生がいた…。彼女の名は、南条朱雀。牌に恋し、牌に愛される少女――！朱雀はお世話になっている「海底撈月」のオーナーの娘であり、同級生でもある竹林千鳥のために、あまたの…
天牌列伝,天牌ワールドをキラ星のごとく鮮やかに彩り、壮烈な打ち筋を魅せるプロフェッショナル雀士たち…入星祥吾、北岡静一、三國健次郎、菊多賢治…彼らの凄絶なまでの生き様にスポットを当て、その核心へと肉迫する！　天牌ファンなら見…
麻雀白虎隊 東,衝撃死闘！麻雀バカ漫画！麻雀に負けてショック死！麻雀に負けて自殺！麻雀に負けて手首を切り落とされて機械化！ヤク漬け監禁！毒殺！ボウガンで射殺！そして、理屈ナシに炸裂する不可避の必殺技の数々！「麻雀白虎隊”秘技”――…
極道一直線,丸坊主にマユゲなし、なのに何故だかとってもキュート…!?　極道の世界に舞い降りた芸人（？）鬼島組長が、今日も勝手に嵐を巻き起こす！　ザ・実録“関東鬼島会”!!
外人パチンカー,ある日、駅前のパチンコ屋に一人の白人女性が入って来て、たまたま座ったのが自称パチプロの山本岩五郎の隣のスロット台ってわけ。岩五郎に「7」を揃えてもらった彼女は岩五郎に感謝して、岩五郎に「弟子にしてくれ」と部屋まで付…
伝説の雀鬼　ショーイチ【完全版】,麻雀界のレジェンド・桜井章一の、無敗という伝説の足跡を、圧倒的な筆致で描き上げた大人気劇画シリーズの完全版が登場！　戦争の傷跡がまだ癒えきらぬ少年時代から高度経済成長時代を、その神業とも言える裏ワザを駆使して戦い抜…
走れイダテンキング【分冊版】,“競馬は命”　という父の生きざまを胸に騎手となった馬庭英騎は、まだ見習いの身ながら、先輩騎手の田所に真剣勝負を挑み、勝利をあげるほど修羅の魂を持つ男だ。しかし、レース中の落馬によって重傷を負い、また愛馬ライジンエコ…
空の鉄砲,芹沢裕二（通称セリ）が、大和組に近付き、その不思議な雀力で卓上を支配し、圧倒的な存在感を見せつけて代打ちとなったその日、対抗組織の寛己組との抗争が勃発した。そんな中、組長の娘であり、誰にも心を開かなったユミが何者か…
BLOOD ～真剣師 将人～,“獅子”と呼ばれた闇の賭け棋士を父を持つ将人。その父が10億の借金を作って失踪。将人は肩代わりで賭け将棋を指すことに！負ければ即死の“真剣”将棋バトル！
兎～野性の闘牌～,初めは点だった。いじめられっ子の高校生、武田俊（たけだ　しゅん）は強引にやらされたイカサマ麻雀で危険牌を見抜き、不良達の思惑から逃れることに成功する。そんな俊の能力に気付いた同級生の山口愛は、代打ち集団ZOOに俊を…
ジャンケット,パチンコメーカー社長、出会い系サイト管理者、不動産ブローカー、過払い請求弁護士etc. 日本裏社会の超成金たちを相手に、テキサスホールデムポーカー、ブラックジャック、麻雀…あらゆるギャンブルで金を吐き出させ…時には…
牌王伝説 ライオン,「どうせ命を張るならでかい相手のほうがいい」全財産を賭けた7億勝負…!!超絶クライマックス！卓上の猛獣・堂嶋の激闘を描くバイオレンス麻雀伝!!
ナナヲチートイツ,麻雀の代打ちを生業とする父とのコンビ打ちで連勝を重ねてきた桐島中也。しかし、その父の裏切りによってヤクザへと売り飛ばされてしまう。自由なき絶対服従の生活から果たして中也は脱出できるのか！？親に捨てられ…ヤクザに売ら…
aki,家出、中卒、親の離婚、倒産、一家離散…！麻雀女流プロ・二階堂亜樹の知られざる過去…！彼女はただ、生き抜くためにこの道を選んだ――！
ひるドラ,巨乳の人妻たちがだんなのいない昼間におりなすパイとパイの語り合い。あ、パイ＝麻雀パイです！巨乳、人妻、ときどき麻雀。
GAMBLER !,「軽すぎるんだよ……お前らの牌に命は乗ってない」ギャンブルは技術じゃない。天才ギャンブラー「勝」の魔性の闘牌伝説！今宵も京都で、最も危険な勝負の場が立つ……!!戦慄の指狩り麻雀編＆百鬼夜行の群がる賭場「楽園」編収録…
麻雀群狼記 ゴロ,はたして俺の麻雀漬けの人生は是だったのか非だったのか……。定職につかず賭け麻雀で生計を立てる人――雀ゴロ。死ぬ気で麻雀を打つ彼らの生き様をリアルに描く、超絶!!!　麻雀大河ドラマ！
シャモア,滝沢さんがこんなに変態なワケがない！（俊）「兎－野性の闘牌－」初のスピンオフ漫画!!“ZOO”の過去が明らかに…!!!!
鉄火場のシン,「その一打、震えるヨ！！」狂った高レート（裏）麻雀！！札束飛び交い、血迸る熱き高レートの闘いを見よ！！
EZAKI むこうぶち外伝,超絶スピンオフ登場!!　むこうぶち外伝 牌に命を捧げた男・江崎の生き様。「横浜赤麻雀」で“上野（ノガミ）の秀”と激突…!!
チェン爺,電話の老人・黒紋金蔵と出会い、彼とのギャンブルに負けた万吉は、約束どおり代償として「体」を差し出す。万吉は金蔵の“奴隷”として働くことを覚悟したが、その意味は全く違うものだった……!!　万吉は外科手術によって金蔵と…
極道×騎手,背負った借金は6000万円。弱小ヤクザ組長と現役スランプ騎手が、借金返済を賭けて一世一代の大バクチに挑む!!元JRAトップジョッキー田原成貴が放つ一発逆転競馬ロマン!!
ミリオンシャンテンさだめだ!!,主人公は配牌もツモも最悪！粘って粘って…やっぱり負ける。大学の超弱小麻雀サークルの面々による、麻雀青春ギャグ群像劇！地味な主人公の「宿命田」と、常に好配牌だが初心者なので全く活かせないナイスバディな「めろん畑」を中…
雀賢者ポッチカリロ,負けたのを人のせいにしたり相手を不愉快にさせて勝ったり…。ふと見回すと、麻雀界は自分勝手で利己的な「麻雀愚人」でいっぱい！そんな麻雀界に突如として現れた雀賢者！？その名も“ポッチカリロ”（ソウルネーム）！！何やらフ…
スーパーヅガンアダルト,つかん！づがん！づぎゃん！麻雀漫画界の第一人者・片山まさゆきの代表作の一つ、「スーパーヅガン」の豊臣君が帰ってきた！かつてスーパーヅガンが好きだった人には懐かしのキャラたちとの同窓会気分で、読んだ事がない人にはダメ…
牌賊！オカルティ,対決、「デジタル麻雀」対「オカルト麻雀」！突き詰めれば本当に強いのはどっちなのか！？麻雀界の究極の命題に、片山まさゆきが挑む！ 完全無欠のデジタル概念で最も合理的な牌選びをし、デジタル麻雀で麻雀界を席巻する男・梨積…
ランブルアイズ,七瀬瞬の左目は視力11.0というアフリカ人にも勝る｢闘眼(ランブルアイ)｣。七瀬はスロットに対しその力を使うのだが…
石山東吉のガチンコ！裏テク13時間,バトラーと対戦しその風景を紹介そして結果と機種攻略をするパチスロガチンコバトル！
トキちゃん海ちゃんのパチスロ攻略隊,パチスロのサラリーマン金太郎を中心に攻略していく
トキちゃんのスロット実戦速報！,いろんなパチスロ機種を実戦し攻略していく漫画
実戦攻略！ガチンコ裏テク13時間,様々なパチスロ機を実戦攻略していく。向かうところ敵なし！
実戦パチスロバトル ガチスロ!!,実戦攻略は俺たちに任せろ!!
九蓮宝燈殺人事件,運命の南３局。「和了った者は死ぬ」と言われている九蓮宝燈の手が入った彼女は、それになぞらえるかのように命を落とした…果たして事件の真相は!?
ノーマーク爆牌党,「爆守備」鉄壁、「爆役満」大介、「爆テンパネ」宝燈美、そして「爆牌」爆岡！！　彼らがであったのは雀荘「ドラ道楽」。物語はここから始まる！！
風牌にふかれて,麻雀誌の編集者溝口賢は仕事もそっちのけで、いつものように雀荘にいた。近い将来、麻雀界に踊り出る運命などまるで知らずに。
東風のカバ,最強の麻雀打ちとして恐れられた男、河馬山吾郎（55）。彼は、引退して恋人ルミちゃんとの平穏な余生を過ごすはずだった…。ところが、インターネット麻雀に接続してしまったことから歯車は狂い始め、河馬山に艱難辛苦が訪れる……
ユキヒョウ 白銀の闘牌,「なんだこいつの目は…まるで獲物を狙う野獣の目!!」戦意・野性が最高潮に達した時、山口愛がユキヒョウへと覚醒する!!　山口愛、小学６年生。代打ちになりました。伊藤誠原作のスピンオフ第２弾!!
ぴんきり 麻雀銭道,究極の「違法マンション麻雀」経営暴露！！　こんな不景気にリストラの憂き目に遭った相葉知美。お先真っ暗、人生の岐路に立たされた彼が選んだ第２の人生は違法高レートギャンブルのマンション麻雀経営だった。未知の裏業界、そこ…
バクト,こんなイカサマ野郎、なんてことねーよ！高校生がタイマン麻雀開始！ギャンブル血風録！
理想雀士 ドトッパー,「ドトッパー」とは、怒濤のトップを取れる者。プロを超えた絶対強者。しかし、短期戦ならプロもアマにだって負けうるのが麻雀の世界。これは、競技プロのあり方と、その存在意義について問うた問題作。軽そうに見えて、テーマは重…
夢リーチファイター 素人伝説,実際に公募した素人と3人のプロ雀士が卓を囲み、その様子を漫画化すると言う企画漫画。立ち塞がる麻雀の鉄人「アイアン雀士」は、安藤満らプロ雀士の他、片山まさゆき本人や、プロ並に強い俳優・萩原聖人などなど。それぞれ強さに…
ぶっこみ銀次,俺の名前は的場銀次、自称パチプロだ。つい一ヶ月ほど前まで勤めていた運送会社の女子社員全員に手をつけクビになった。そしてたまたま拾った百円でやったパチンコが大当たりし14万の大勝ち！　その日その時から俺ァプロのパチン…
奥様はゴールドフィンガー,主婦、香月淳子は包丁さばきで動体視力を身につけている。そんな淳子の趣味と実益はパチスロ。目押し抜群、研究心旺盛な淳子はホール導入の新機種、名機種を次々と撃破していく。しかも超美人で色っぽい！！ましてはミニスカが大好…
でんでん虫,十禅寺大道は北海道勇払郡の貧乏寺の息子。そんな彼が、接待旅行でラスベガスに招待された。大道は、様々なギャンブルにに挑戦し、そして勝ち続ける。最初はまぐれで勝っていると思われていたが、彼の博才はとんでもなかった！（第…
天狼,横浜―――。吹きだまりの賭場を流していた志狼。突然現れた美女が、運命の博奕へ彼をいざなう！博徒の誇りを賭けた志狼の大一番がいま始まる！！
打止め銀次郎,バイクに跨り日本全国のパチンコ屋を颯爽と渡り歩くパチプロの弾銀次郎。ただのギャンブル好きでパチンコ屋泣かせの身勝手な奴かと思えば、その実、義理人情に厚いなかなかのいい奴。行く先々で出会う人々と温かな交流を重ね、彼ら…
極麻伝,"天棒では無くチップを使う、つまり勝てば大金、負ければ文無し。ポーカールール勝負する麻雀の事”極麻”  言葉巧みに弱者を騙し食い物にする悪党どもの墓穴に、極麻無敗の天才雀士“飢狼の健”が牙を剥く！
         …"
A-SLOTTERヒロアキ,役者兼ミュージシャン、そして一人のスロッターである輝堂ヒロアキ！そんな彼の学生時代の悪友でありスロプロのアキラ、そしてこの漫画作者の岡村茂先生がホールにて実戦し、その攻略方を描いた伝説のパチスロ攻略漫画【A-SLO…
A-SLOTTER NEO,あの数々の伝説を残した【A-SLOTTER】が帰って来た！岡村茂先生と輝堂ヒロアキがまたまた伝説を作り出す！
リールゲイザー,ライターゲイザー輝堂登場！ライターとして活躍し出した輝堂ヒロアキがまたまたパチスロ界で伝説を作りだす!!
パチスロ最強伝説シャドースロッター,攻略ライターのハリー春男・通称ダメ春。パチスロダイナマイトで記事を書くフリーのライターであるが誌面での実戦バトルは連戦連敗。ついたあだ名がダメ春。しかし彼には別の顔もあって…!?
ドラゴン先生のファイヤードラゴン5,パチスロ業界では数多くの専門雑誌も刊行されているが、その頂点に立ったという男、ドラゴン先生のファイヤードラゴン5がついに登場!!サラリーマンの遊戯出来る時間に合わせ、ドラゴン先生が立ち回り方を伝授!?他、プライベー…
ぶっちぎりスロッターMAX,複数の攻略誌、パチスロ誌で活躍するプロスロッターの高木MAXはいかにして誕生したのか…。ガラは悪いが細かな調査、データを基にプロのドブネズミとしての立ち回りする高木MAXを描く作品。
爆裂スロッターMAX,技術より行動で高設定機を掴む立ち回りをするスロプロの高木MAX。世間が不況と言われていても彼は仲間のマサルらと共にスロットを回す。自分の環境をリセットした高木が再びMAXに戻れるのか!?
ドラゴン&MAX,数々の攻略誌、パチスロ漫画誌などで執筆するカリスマライターによる、常に勝てる情報を基に長年の経験と理論から行われる立ち回りを纏めた1冊。読めば必ず役に立つ情報を頭に叩き込め!!!
しりあす甚一,パチンコ・競輪・麻雀・女……そのどれもに異常なまでの探求心と執念深さを見せる甚一。自らを「知的中産階級」と位置づける彼は、しんどい思いをして働いた給料をギャンブルにぶち込む者を「低額所得者共」と切り捨て、あくまで生…
まんちょくスナイパーとどめ,一見普通の、ちょっとカワイイ（実は相当腹黒い）女子高生「息ノ根とどめ」は、卓上の誰か一人を徹底的に狙い打って確実にラスにする「まんちょくスナイパー」！冒頭はいつもの軽いノリだが、とどめの壮絶な過去とその特異な雀風の…
運王,新月闇男はツキは全く無いが麻雀の腕はピカイチ。だが、「トイレ休憩」を駆使して意図的にぬるい卓を選んだり、セコい招運ジンクスとセコい戦術を駆使してセコく勝ち続けたりと…まあ、相当な嫌われ者だ。そんな闇男の行きつけの「…
雀鬼,20年間無敗を誇ったという実在のプロ雀師、「雀鬼」こと桜井章一をモデルに描いた麻雀漫画。大学時代に麻雀を覚え、まだ仲間内で楽しく打っていた頃。章一は素人のその腕で、素人相手にイカサマを使うプロ雀師を打ち負かしてしま…
真説桜井章一 ショーイチ,20年間無敗を誇り、「雀鬼」の通り名で生きる伝説となった実在のカリスマ雀師・桜井章一の半生とその闘牌をモデルに描いた麻雀劇画。 既にプロの世界を引退した桜井と、重い病気を患った15年来の弟分・南雲。二人の兄弟の絆を…
Bugsy ～新宿リアルギャンブラー～,過去に裏カジノを20軒以上立ち上げた作者によるリアルなアングラカジノ漫画が登場！ヤクザなどの依頼を受けて、アングラカジノの運営を取り仕切るカジノ経営のプロ集団、通称”ゲーム屋”。そんなゲーム屋の１人、大島アキラの目…
威打天,裏麻雀界で活躍する氷の女雀士・水無月冬子。亡き夫・和馬の復讐を描いた「打天使」番外編として、知られざる和馬の闘牌とそして冬子の若かりし頃が描かれる、本格麻雀コミック！
しのけん,パチスロ漫画では「設定1000」などの実績を誇る漫画家・あぎじゅんこが流麗な筆致でしのけんのすべてを描き尽くす！
打天使‐完結編,"15年前の夫の死の謎を解き明かすべく、一瞬の迷いが地獄を招く代打ちの世界へ和也と共に舞い戻った水無月冬子。手負いの冬子を打つべく獣達が牙を向く中、夫の仇「骨の牌」を倒すべく氷の雀士 冬子が目覚める！
       …"
伝説の雀鬼,20年間無敗を誇った生ける伝説、麻雀界のカリスマヒーロー、「雀鬼」こと桜井章一の「男の生き様」を綴った「Shoichi」シリーズ第三弾。『真説・桜井章一 ショーイチ』の続編。勝負に臨む前の心のあり方や、麻雀を通じて…
千億の蟲,女医でありながら子供の頃から博打好きで患者の命をも賭博の対象としていた野々村病院の一人娘、塔子。幼馴染の久美は胸の病気で塔子の診察を受けていたが久美の夫、英二郎の吐いた嘘が元で自殺してしまう。真相を知り怒った塔子は…
プレイス ファジスト マネー,不況で会社が倒産し、ハケンになってから会社を転々としながらも悉くクビになった青年、五十凹器。手元に残った全財産3200円を自らの命の値段とし、好きな麻雀に運を委ねる!! 「負けたら死」を覚悟した男を中心に金と麻雀の…
設定6を狙い打て！ろく式,"「これが最強のパチスロ漫画だ！！」狙うは、黄金の設定6！　パチスロにおいての最高設定6を、主人公・タケポンと、漫画家・市川ヒロシが狙い打ち！！……とはいっても基本は楽しく愉快な“ズッコケ”実戦漫画です！
     …"
ガットショット,ポーカーに青春を捧げた少年少女がそれぞれの目標に向かって突き進む熱きポーカーストーリー。運だけでは勝つことができない奥深いポーカーの世界を日本ポーカー協会監修のもと本格的に描く。
毎日がスロ曜日,"元OLのパチスロライターで、スロマガ本誌でも活躍中！　基本の目押しは素人レベルでも、“立ち回り”は超一流！　元気印・太鼓判のかわゆい『スロット・エンジェル』です！　『スロマガコミックV7』誌上で好評連載中！
   …"
麻雀蜃気楼,強く生きるとは、何か。楽しく生きるとは、何か。―――どこにでもいる人並みのサラリーマン・野中雄二。野心はあれども、平凡な生活から足を踏み外すようなことはないと思っていた。そう、あの雀荘で、ヤツと出会うまでは……壮絶…
てんぱいっ!,四年に一度開かれる麻雀大会「雀王決定戦」凄腕雀士が集う大会で優勝を目指す三姉妹。これは雀王決定戦に宿命付けられた少女達の、汗と涙とちょっぴりエロスな物語である??!!
ギャンブル王,不幸な目に遭えば遭う程にツキを呼び込む特異な男・塚内あたる！！ひょんなことから天才ギャンブラーと勘違いされ、王手グループの財務部特別課に抜擢。勤めることになってしまった……。この課の目的は、ギャンブルで勝ち続け会社…
哭きの竜 外伝,日本を真っ二つに分ける東の桜道会、西の関西共武会。二つの巨大極道組織は、表向き平静を保ちながら水面下では面々と抗争を続けてきた。そんなさなか、桜道会会長・三上信也は密かに西を目指す。目的は、１０年前、自らの命によっ…
ムダヅモ無き改革,小泉ジュンイチローや麻生タローが、アメリカのブッシュや北の将軍様、ロシアのプーチンらと、バカとノリと熱血と爽快感だけで麻雀対決する漢（おとこ）漫画（笑）。小泉さんと麻生さん、漢すぎます（笑）。パパ・ブッシュとプーチ…
ゴールデンパチンカー,浪人生・玉出勝巳のとっておきの特技、それはパチンコ！　18歳の玉出は、通っている予備校でCDやゲームを割安で売っていた。商品は全てパチンコの景品。だが、予備校のアイドル・沢田カナには大幅値引きするなど下心丸見えの玉…
賭博師 梟,襲来する賭場荒らし・フクロウ！獲物は雀荘・五稜郭、迎え撃つは腕に覚えの三銃士！不屈の男たちは、全てを賭けて博奕に向かう――！
麻雀鬼ウキョウ,数々の修羅場を切り抜けてきた、高校生雀士・松本右侠の壮絶な闘いが、今始まる！　牌を握ったらきれいごとは通じない……千手を尽くして勝つか負けるかただそれだけ……。
GAMBLE FISH,研ぎすまされた頭脳と不屈の気迫を併せ持つ生粋のギャンブラー、その名は白鷺杜夢!!　閉鎖されたエリート学園でくりひろげられる、超絶能力を持つ美少女たちとの100億円を賭けたギャンブルの行方は!?
【大増量試し読み版】BADBROS,【大増量試し読み版】高校1年生にして怪物の称号を得る天才打者・村越甲人。その兄に憧れ、日々練習に励む中学2年生の弟・野人。2人の夢は兄弟揃っての“甲子園制覇”。固い絆で結ばれた兄弟の熱戦が今、幕を開ける……はずだっ…
ギャンブラーズパレード,海千山千のギャンブラーが集う、とある島にある高校。”不運体質”のヒロイン・東雲花梨は転校初日から不運に見舞われ、策謀渦巻くギャンブルに巻き込まれていく。そこに不穏な空気とともに”ギャンブル嫌い”の男性教師・蜘蛛手渚…
咲-Saki-阿知賀編 episode of side-A,"幼き頃、麻雀を通じて仲間たちと絆を深め合った高鴨穏乃と原村和。時は流れ、離ればなれになった二人を繋げたのも、やはり麻雀だった。全国大会で旧友との再会を果たすため、仲間と共に穏乃は再び牌を握る――!!
       …"
賭ケグルイ愛,※この商品はPCモニター、タブレットなど大きいディスプレイでの閲覧を推奨しています。※　蛇喰夢子をはじめ、個性豊かな登場キャラクター達の魅力に迫るファンブック。キャラクターの名前の由来や裏話、物語の制作秘話が垣間み…
ライフ・イズ・マネー,心臓病を患う妹の手術代のため、袋小路巡が参加することになった裏社会で行われる非合法のギャンブル、「ナイト・メア・ゲーム」!!一億円か、死か。命を賭けたゲームが始まる!!
賭ケグルイ万　賭ケグルイ公式アンソロジー,TVアニメ化の美少女賭博譚「賭ケグルイ」のアンソロジーコミックがついに登場！　総勢32名もの超豪華執筆陣が描く珠玉のイラスト、コミックの数々。藤原ここあ、望月淳、葉月抹茶らによる「夢子８」イラストも単行本初収録！　…
【フルカラー版】賭ケグルイ,【『賭ケグルイ』がフルカラーになって登場！】名門・私立百花王学園。この学園には階級制度が存在する。生徒会を頂点とするこの学校は「ギャンブル」に支配されている。勝てば天国。負ければ地獄。ギャンブル強者は羨望、弱者は被…
グレイテストM～偉人麻雀大戦～,孔明ｖｓヘレンケラー！？偉人麻雀大戦！！　「次代の神」の座を争い圧倒的な「運命力」を携えた偉人達が麻雀で対決！第1試合は諸葛亮孔明ｖｓニュートンｖｓ葛飾北斎ｖｓヘレンケラー！！偉人達の「能力」と「運命力」がぶつかり…
釘師サブやん,茜三郎・通称「釘師サブやん」が働くパチンコ店に、ある日玉１個だけを買う奇妙な客が訪れる。その客・パチプロの美球一心はサブやんのことをロクでなし釘師と呼び、サブやんがバッチリ締めた台で「忍球玉バサミ」を披露する。それ…
あかよろし 闇花札遊鬼譚,戦慄の花札遊戯、開幕――！　文明開化の明治9年・横浜。柳は父親の借金のカタに己の身体を賭け金にする裏花札賭博『水郷楼』へ連行される。敗北は死。竦む博徒たちの中、柳だけがその戦慄に微笑む…。
ジャンジャンバリバリ,プロ釘師の祖父の影響でパチンコの世界に足を踏み入れた少年・春樹。なんと彼は脅威の能力を持つサヴァン症候群だった!!サヴァンの子が並み居る強豪を相手に熱いバチバトを繰り広げる―！
暗黒回胴伝 将,ゴト行為！ サクラ行為！ そしてスロット店の知られざる裏事実…。ゴト師と疑われたただプータローの甲本将はそのゴト師の組織に、仲間だと思われ救われる。記憶を失った将は組織の一員として活動に加わるが…？ ゴト師とパチン…
少年雀鬼 東,天才少年雀士・東槓（ひがしかん）は、王位戦にその人ありといわれたプロ雀士・東暗刻（ひがしあんこう）の孫なのだ。中学生の槓は、麻雀のすごい打ち手なんだけど、学校では「クラスで一番弱いヤツ」と、バカにされている。槓は、…
賭けゴロ,「私、六本木小菊一家代貸、恩部谷健と申します。もっぱら賭屋でシノイでおります。組長と私、たったふたりの吹けば飛ぶよな極道稼業。でもね、お客さん、なめちゃあ、いけません。賭屋が集金できなけりゃ、死んだも同然ッスからね…
