タイトル,画像URL,icontext,icontext1,著者,,bookliststory
コタローは1人暮らし,https://cf.image-cdn.k-manga.jp/cover_200/9/92308/b92308_1_200.jpg,青年漫画,ギャグ・コメディ,津村マミ,,「アパートの清水」に突如、コタローという４歳の少年が引っ越してきた。なんと彼は一人暮らし･･･！しかしながら妙に生活力があり、むしろアパートのちょっと駄目な隣人の大人たちよりも余程しっかりしていて！？そんなコタロー…
2.5次元の誘惑,https://cf.image-cdn.k-manga.jp/cover_200/11/116568/b116568_1_200.jpg,少年漫画,ギャグ・コメディ,橋本悠,,現実の女に興味無し！　2次元のキャラクター・リリエルを愛す漫画研究部部長・奥村のもとにやってきたのは、「リリエルになりたい」という3次元女子・天乃リリサ。彼女の頼みでコスプレの撮影に協力することになった奥村だが、目…
夫婦とはなんぞや？～くまぴのサレ妻日記～,https://cf.image-cdn.k-manga.jp/cover_200/4/40694/b40694_1_200.jpg,,ギャグ・コメディ,くまぴ,,ラブラブな新婚夫婦…のはずだったのに――。夫のスマホをなにげなく見たことから、くまぴの日常は一変する。超ハイスピードで展開する「浮気との戦い」の行方はいかに…?心が張り裂けそうな苦しさと悲しさの連続なのに…なぜか笑…
ケンシロウによろしく,https://cf.image-cdn.k-manga.jp/cover_200/12/129211/b129211_1_200.jpg,青年漫画,ギャグ・コメディ,ジャスミン・ギュ,,沼倉孝一は、幼い頃に木村という名のヤクザに母を奪われた。復讐を誓った沼倉は、漫画『北斗の拳』を読み続けることによって伝説の暗殺拳を体得し仇を討とうとする。これは復讐に燃える男が暗殺拳を極めようとした果てに人々を幸せ…
こちら葛飾区亀有公園前派出所,https://cf.image-cdn.k-manga.jp/cover_200/10/104905/b104905_1_200.jpg,少年漫画,ギャグ・コメディ,秋本治,,「やつらをひとりも帰すんじゃねえぞ!!」ガンマニアの中川と冬本が派出所を訪れ、拳銃談義に。そこに暴走族が出現し、両さんらは追撃を開始!!
可愛いだけじゃない式守さん,https://cf.image-cdn.k-manga.jp/cover_200/11/115989/b115989_1_200.jpg,青年漫画,ギャグ・コメディ,真木蛍五,,僕の彼女の式守さんは、とても可愛くて、とても××です！！ 和泉くんの彼女は、同じ高校の同級生・式守さん。とっても可愛い女の子。優しくて、よく笑って、和泉くんといるときは、いつも嬉しそう。そんな愛情全開の彼女は、不幸…
SPY×FAMILY,https://cf.image-cdn.k-manga.jp/cover_200/11/116110/b116110_1_200.jpg,少年漫画,ギャグ・コメディ,遠藤達哉,,名門校潜入のために「家族」を作れと命じられた凄腕スパイの〈黄昏〉。だが、彼が出会った“娘”は心を読む超能力者！　“妻”は暗殺者で!?　互いに正体を隠した仮初め家族が、受験と世界の危機に立ち向かう痛快ホームコメディ!…
ウマノリ！ガールズパーティー,https://cf.image-cdn.k-manga.jp/cover_200/12/129456/b129456_1_200.jpg,,ギャグ・コメディ,かたおかみさお,,女は女の上に立ちたい生き物なのよーーSNSで繋がった女子4人。ある日、オフ会を開催することになったのだが、様々な立場の女性が集まったことで自分たちが経験したオンナたちの承認欲求、マウンティングトークを披露することに…
じいさんばあさん若返る,https://cf.image-cdn.k-manga.jp/cover_200/13/136669/b136669_1_200.jpg,少年漫画,ギャグ・コメディ,新挑限,,"青森でリンゴ農家を営む老夫婦・正蔵とイネ。ある日目覚めるとふたりは若い頃の姿になっていて!?イケメンなじいさま&美人なばあさまが巻き起こす、お騒がせおしどり夫婦コメディ!コミックス描き下ろし28Pマンガも収録!
 …"
見える子ちゃん,https://cf.image-cdn.k-manga.jp/cover_200/14/140217/b140217_1_200.jpg,青年漫画,ギャグ・コメディ,泉朝樹,,"ある日突然、普通の人には見えない異形な存在が見えるようになってしまった「みこ」。彼女は彼らから逃げるでもなく、立ち向かうでもなく…精一杯シカトしつづける事に。怖いようで怖くない、新感覚ホラーコメディ!
      …"
間違った子を魔法少女にしてしまった,https://cf.image-cdn.k-manga.jp/cover_200/11/115107/b115107_1_200.jpg,青年漫画,ギャグ・コメディ,双龍,,人類の敵・アタスンモから世界を守る、魔法少女の力を授かった女子高生の真風羽華代。しかし可憐な容姿と類まれな資質を持ち合わせる彼女は、実はいちばん魔法少女にしてはいけない子で――！？全ての魔法少女ファンに捧ぐ、異端に…
テラモリ,https://cf.image-cdn.k-manga.jp/cover_200/8/88632/b88632_1_200.jpg,少年漫画,ギャグ・コメディ,iko,,スーツ屋でお仕事はじめました。ヲタク女子大生・高宮 陽（20）。バイト未経験の彼女は時給にひかれてスーツ屋“テーラー森”で働くことに！ネクタイ、シャツ、紳士靴 etc. 呪文のようなスーツ用語を覚えつつ、楽しくも必…
彼、岸島,https://cf.image-cdn.k-manga.jp/cover_200/14/144843/b144843_1_200.jpg,青年漫画,ギャグ・コメディ,佐世保太郎,,あったよ！！！！！！！！　彼岸島の公式スピンオフ！！　累計１０００万部突破の超人気吸血鬼サスペンス、まさかのギャグ漫画化！！この島、何かがおかしい‥‥。吸血鬼と人間が争う「彼岸島」で、人間のまま吸血鬼たちと働くこと…
組長娘と世話係,https://cf.image-cdn.k-manga.jp/cover_200/4/40149/b40149_1_200.jpg,青年漫画,ギャグ・コメディ,つきや,,霧島透28歳、桜樹組・若頭――　極道であることをいいことに好き放題やらかし、『桜樹組の悪魔』と呼ばれていた。　そんなある日、組長の一人娘の世話係に任命された!?ヤクザ×幼女のハートフル（？）ストーリー！コミックライ…
監獄学園,https://cf.image-cdn.k-manga.jp/cover_200/10/103492/b103492_1_200.jpg,青年漫画,ギャグ・コメディ,平本アキラ,,女子1000人：男子5人!!　その学園は男（ヤロウ）共にとって天国か地獄か。誰も見たことがない牢獄高校（ハイスクール）コメディ始業!!　伝統ある全寮制の女子高・私立八光（はちみつ）学園。このお嬢様学校が本年度から男…
ヤンキーJKクズハナちゃん,https://cf.image-cdn.k-manga.jp/cover_200/12/129366/b129366_1_200.jpg,少年漫画,ギャグ・コメディ,宗我部としのり,,男女比率1対359!! 359人の女子高生にいじられまくり!! つらたんハーレム学園ラブコメ!! コワかわ最強ヒロイン爆誕!! 四方八方ギャルだらけな県立茂手城高校に入学した黒一点・早乙女穂高は、ヤンキーJK・九頭…
ラララ,https://cf.image-cdn.k-manga.jp/cover_200/11/119304/b119304_1_200.jpg,青年漫画,ギャグ・コメディ,金田一蓮十郎,,自宅ではいつもおっぱい丸出し素っ裸状態の石村亜衣。バーで酔っ払っていた桐島に婚姻届にサインをさせ、その翌日いきなり離婚届けにサインを迫るそのワケとは？
ダンベル何キロ持てる？,https://cf.image-cdn.k-manga.jp/cover_200/9/97723/b97723_1_200.jpg,少年漫画,ギャグ・コメディ,サンドロビッチ・ヤバ子,,「ひびき…お前、また太った?」”食べること”が大好きな女子高生紗倉ひびきは友人の一言をきっかけにダイエットを始めようと決意する!!運動を一人では続けられない彼女が入会したのはスポーツジム!!そのジムで同級生でお嬢様…
テルマエ・ロマエ,https://cf.image-cdn.k-manga.jp/cover_200/13/135719/b135719_1_200.jpg,青年漫画,ギャグ・コメディ,ヤマザキマリ,,すべての“風呂”は、“ローマ”に通ず。「マンガ大賞2010」と「第14回手塚治虫文化賞短編賞」をW受賞、実写映画(主演:阿部寛)も記録的な大ヒットとなった超ベストセラー・爆笑コミック! 紀元前128年、第14代皇帝…
からかい上手の高木さん,https://cf.image-cdn.k-manga.jp/cover_200/7/76583/b76583_1_200.jpg,少年漫画,ギャグ・コメディ,山本崇一朗,,いっつもオレをからかってくる隣の席の高木さん。だけど見ていろ、今日こそは必ず高木さんをからかって恥ずかしがらせてやる!!
2.5次元の誘惑 セミカラー版,https://cf.image-cdn.k-manga.jp/cover_200/12/121166/b121166_1_200.jpg,少年漫画,ギャグ・コメディ,橋本悠,,【デジタル版限定！　デジタル着色により一部シーンがフルカラーに!!】現実の女に興味無し！　2次元のキャラクター・リリエルを愛す漫画研究部部長・奥村のもとにやってきたのは、「リリエルになりたい」という3次元女子・天乃…
古見さんは、コミュ症です。,https://cf.image-cdn.k-manga.jp/cover_200/9/96543/b96543_1_200.jpg,少年漫画,ギャグ・コメディ,オダトモヒト,,話したい、話せない。この緊張が、伝わってたらどうしよう。万人が振り返る美少女・古見（こみ）さんは、コミュ症です。コミュニケーションがとても苦手で、周囲は近寄りがたく感じている？「どうやって話しかけよう」「話しかけた…
かぐや様は告らせたい～天才たちの恋愛頭脳戦～,https://cf.image-cdn.k-manga.jp/cover_200/10/104876/b104876_1_200.jpg,青年漫画,ギャグ・コメディ,赤坂アカ,,「恋愛は告白した方が負けなのである!」 家柄も人柄も良し!! 将来を期待された秀才が集う秀知院学園!! その生徒会で出会った、副会長・四宮かぐやと会長・白銀御行は互いに惹かれているはずだが…何もないまま半年が経過!…
なんでここに先生が!? 彩色兼美フェチ魂,https://cf.image-cdn.k-manga.jp/cover_200/13/133460/b133460_1_200.jpg,青年漫画,ギャグ・コメディ,蘇募ロウ,,なんで先生がフルカラーに!? 先生のアレもソレも塗っちゃいました。100話以上のお話の中から「おっぱい」に関する回を厳選してフルカラーに!先生たちの思い出が、美麗彩色で蘇る完全保存版!!
有閑倶楽部,https://cf.image-cdn.k-manga.jp/cover_200/10/105271/b105271_1_200.jpg,,ギャグ・コメディ,一条ゆかり,,"聖プレジデント学園の名物生徒会「有閑倶楽部」。メンバーは会長の菊正宗清四郎を筆頭に、松竹梅魅録・美童グランマニエ・黄桜可憐・白鹿野梨子・剣菱悠理といずれもひとクセあるやつばかり。退屈なんてふきとばせ！
      …"
ブスに花束を。,https://cf.image-cdn.k-manga.jp/cover_200/13/136327/b136327_1_200.jpg,少年漫画,ギャグ・コメディ,作楽ロク,,"田端花はネガティブ思考のボッチ喪女JK。早朝の教室でヒロイン気取りで浮かれていたところを、クラス一のイケメン・陽介に目撃されてしまい…!? この恋、きっとあなたも応援したくなる! 自虐系喪女コメディ!
      …"
女の園の星,https://cf.image-cdn.k-manga.jp/cover_200/12/128128/b128128_1_200.jpg,,ギャグ・コメディ,和山やま,,【電子限定！描き下ろし特典ペーパー収録】「声を出して笑った」の声、続出!!!漫画賞総ナメ『夢中さ、きみに。』の和山やま初連載！ある女子校、２年４組担任・星先生。生徒たちが学級日誌で繰り広げる絵しりとりに翻弄され、教…
すみれ先生は料理したくない,https://cf.image-cdn.k-manga.jp/cover_200/12/125818/b125818_1_200.jpg,,ギャグ・コメディ,大久保ヒロミ,,溢れ出る品格とその美貌に誰もが憧れるピアノ教師・白雪すみれ。しかしそんなイメージとは裏腹に実生活は、金欠＆彼氏もいない独身アラサー街道まっしぐら！　さらに苦手な料理においては、壊滅的なまでのポンコツっぷり!!　料理…
スナックバス江,https://cf.image-cdn.k-manga.jp/cover_200/10/108501/b108501_1_200.jpg,青年漫画,ギャグ・コメディ,フォビドゥン澁川,,"北海道最大の繁華街すすきの――から5駅離れた北24条。この町の「スナックバス江」は、バス江ママと、チーママの明美さんの楽しいお店。彼女たちと珍妙な常連＆一見さんが織りなす笑いで、あなたもきっと、いつしか笑顔。
  …"
僕とロボコ,https://cf.image-cdn.k-manga.jp/cover_200/13/133252/b133252_1_200.jpg,少年漫画,ギャグ・コメディ,宮崎周平,,美少女メイドロボ「OM(オーダーメイド)」が、一家に一台普及する時代。平凡な小学生、平凡人(たいらボンド)は念願の美少女メイドロボに心躍らせていた。しかし、家に来たのは想定外に規格外なOMで!? 僕とロボコの愉快な…
ゆるキャン△,https://cf.image-cdn.k-manga.jp/cover_200/9/91537/b91537_1_200.jpg,青年漫画,ギャグ・コメディ,あfろ,,富士山が見える湖畔でキャンプをする女の子、リン。自転車に乗り富士山を見にきた女の子、なでしこ。二人でカップラーメンを食べて見た景色は…。読めばキャンプに行きたくなる。行かなくても行った気分になる。そんな新感覚キャン…
なんでここに先生が!?,https://cf.image-cdn.k-manga.jp/cover_200/10/106082/b106082_1_200.jpg,青年漫画,ギャグ・コメディ,蘇募ロウ,,おっぱいの柔らかさの限界に挑んだ衝撃作！　「鬼の児嶋」と恐れられるナイスバディな国語教師・児嶋加奈と普通の高校生・佐藤一郎の間で巻き起こるエッチなハプニング！　ヤングマガジン掲載作品に加えて、ヤンマガにすら載せられ…
通りがかりにワンポイントアドバイスしていくタイプのヤンキー,https://cf.image-cdn.k-manga.jp/cover_200/11/119816/b119816_1_200.jpg,,ギャグ・コメディ,おつじ,,通りがかりにワンポイントアドバイスをしていく、見た目ヤンキーな桜井さん。そのいかつさに初対面の人はビビるものの、アドバイスを通して触れる桜井さんの温かな心に、人の輪は広がっていき――。優しくて、気遣いができ、博識で…
猫を拾った話。,https://cf.image-cdn.k-manga.jp/cover_200/12/123976/b123976_1_200.jpg,青年漫画,ギャグ・コメディ,寺田亜太朗,,拾ったら、単眼。育ったら、巨体。ツイッター発、異形のモフモフと普通に暮らすまんが！「これからは、こうでなくてはいけないですね。」お化け友の会・京極夏彦疲れたサラリーマン、イガイさんが会社帰りに拾った小さな「ソレ」は…
童貞絶滅列島,https://cf.image-cdn.k-manga.jp/cover_200/11/116270/b116270_1_200.jpg,少年漫画,ギャグ・コメディ,川崎順平,,ある日突然、１８歳以上の童貞が死に始め、日本中が大パニックに！　風俗のサービス料は高騰を極め、暴徒化する童貞が続出。政府も未曾有の事態に対策が遅れていく…。１７歳童貞である主人公の英利は、誕生日までに初体験を済ませ…
SKET DANCE モノクロ版,https://cf.image-cdn.k-manga.jp/cover_200/10/100184/b100184_1_200.jpg,少年漫画,ギャグ・コメディ,篠原健太,,"学園生活の中で、誰もが一つや二つ抱えてしまう悩みや問題。それらを何でも解決してくれる、学園生活の助っ人になってくれるヤツらがいた！　彼ら学園生活支援部――通称“スケット団”に、今日も仕事の依頼が舞い込む!!
   …"
ニーチェ先生～コンビニに、さとり世代の新人が舞い降りた～,https://cf.image-cdn.k-manga.jp/cover_200/13/137122/b137122_1_200.jpg,,ギャグ・コメディ,ハシモト,,「神は死んだ」――閲覧数4000000数以上!!!　Twitterを騒然とさせたさとり世代のコンビニ店員、ニーチェ先生ついに解禁!!
吸血鬼すぐ死ぬ,https://cf.image-cdn.k-manga.jp/cover_200/11/113942/b113942_1_200.jpg,少年漫画,ギャグ・コメディ,盆ノ木至,,行方不明の子供を助けるため、真祖にして無敵の吸血鬼・ドラルクの城にやってきた吸血鬼ハンター・ロナルド!　だがドラルクの正体は、凄まじい頻度で死んで塵と化す史上最弱のザコ吸血鬼で!?
お部屋は見ての汚楽しみ,https://cf.image-cdn.k-manga.jp/cover_200/14/144224/b144224_1_200.jpg,青年漫画,ギャグ・コメディ,束ユムコ,,汚部屋が好きじゃダメですか？　古来より手を変え品を変え延々に繰り返される「汚部屋狩り」。いまこそ冷静に汚部屋の価値を見つめ直してみませんか？　整理収納コンサルタント・更屋敷保は言います。「汚部屋こそ現代人の作り上げ…
銀魂 モノクロ版,https://cf.image-cdn.k-manga.jp/cover_200/10/105112/b105112_1_200.jpg,少年漫画,ギャグ・コメディ,空知英秋,,"江戸では、突如宙から舞い降りた異人「天人」の台頭と廃刀令により侍が衰退の一途をたどっていた。しかし一人、侍の魂を堅持する男が…。その名は坂田銀時。甘党＆無鉄砲なこの男が、腐った江戸を一刀両断…するかも!?
    …"
Back Street Girls,https://cf.image-cdn.k-manga.jp/cover_200/10/101463/b101463_1_200.jpg,青年漫画,ギャグ・コメディ,ジャスミン・ギュ,,人間やめますか？それともアイドルやりますか？　極道3人組がまさかのアイドルデビュー！　しかも売れちゃったよ、オイ!!鬼より怖い組長の全面プロデュースのもと、裏路地美少女アイドル「ゴクドルズ」としてデビューした極道の…
定額制夫の「こづかい万歳」 月額2万千円の金欠ライフ,https://cf.image-cdn.k-manga.jp/cover_200/12/128422/b128422_1_200.jpg,青年漫画,ギャグ・コメディ,吉本浩二,,「おこづかい、もっとちょうだい！」－－ドキュメント漫画家・吉本浩二が叫ぶ。45歳、月額2万千円。１万円は大好物の「おかし」に使いたい。子供にオモチャをねだられたら、おしまいだ。そして、悩ましくも楽しい「おこづかい」…
勇者に敗北した魔王様は返り咲くために魔物ギルドを作ることにしました。,https://cf.image-cdn.k-manga.jp/cover_200/13/131140/b131140_1_200.jpg,青年漫画,ギャグ・コメディ,とうろう,,暴虐の限りを尽くしたアグニインの魔王は勇者に敗北。かろうじて消滅を免れたものの、全てを失い見る影もないほど落ちぶれて……。力を求めて七転八倒。復活と名誉をかけた漢の冒険が今、始まった――!!
今日から俺は！！,https://cf.image-cdn.k-manga.jp/cover_200/7/75289/b75289_1_200.jpg,少年漫画,ギャグ・コメディ,西森博之,,「この転校をキッカケに俺は･･･」今までさえなかった三橋は目立ちたい一心で金髪パーマでツッパリデビュー！そんな三橋の前にもう一人の転校生、トンガリ頭にマスクでキメた伊藤が現れて･･････。金髪とトンガリ頭の最強ツ…
僕の心のヤバイやつ,https://cf.image-cdn.k-manga.jp/cover_200/11/114574/b114574_1_200.jpg,少年漫画,ギャグ・コメディ,桜井のりお,,学園カースト頂点の美少女・山田杏奈の殺害を妄想してはほくそ笑む、重度の中二病の陰キャ・市川京太郎。だが山田を観察する内に、京太郎が思う「底辺を見下す陽キャ」とは全然違うことに徐々に気づいていき…!? 陰キャ男子・京…
デキる猫は今日も憂鬱,https://cf.image-cdn.k-manga.jp/cover_200/11/115276/b115276_1_200.jpg,少年漫画,ギャグ・コメディ,山田ヒツジ,,仕事以外の生活能力が壊滅的な28歳のOL福澤幸来（サク）と、仔猫の頃に凍死寸前のところを彼女に拾われた家事万能（！）の大きめの猫の諭吉（ゆきち）の思いっきり幸せな一人と一匹暮らしを描く日常4コマ＆ショートコメディー…
今日から俺はロリのヒモ！,https://cf.image-cdn.k-manga.jp/cover_200/11/114767/b114767_1_200.jpg,青年漫画,ギャグ・コメディ,へんりいだ,,漫画家を目指している天堂ハルは自分のファンだという超お金持ち小学生の二条藤花に養ってもらえることに!　藤花の豪邸で自堕落に暮らすうち、同じく超お金持ち小学生の丹沢千鶴と小森紗奈もヒモの輪に加わって…。なんでもさせて…
メイドの岸さん,https://cf.image-cdn.k-manga.jp/cover_200/13/132234/b132234_1_200.jpg,青年漫画,ギャグ・コメディ,柏木香乃,,ポンコツご主人がクールなメイドをとにかく喜ばせたいラブコメディ!主人公・早瀬貴一朗は日本有数の名家「早瀬一族」の次期当主で、数々のグループ企業を束ねるエリート中のエリート。そんな彼の唯一の欠点である”ドジ”をいつも…
「ククク……。奴は四天王の中でも最弱」と解雇された俺、なぜか勇者と聖女の師匠になる,https://cf.image-cdn.k-manga.jp/cover_200/15/153303/b153303_1_200.jpg,少年漫画,ギャグ・コメディ,芳橋アツシ,,「奴は四天王の中でも最弱」との風評を流され、魔王軍を解雇された”屍蠍のカプソディア”??。魔族圏を離れ、人類圏に潜伏することにした奴でしたが、ケモ耳勇者のパフィミアと、ちびっこ聖女のシャロンを救い、２人から超熱烈に…
黒ギャルさんが来る！,https://cf.image-cdn.k-manga.jp/cover_200/14/143603/b143603_1_200.jpg,少年漫画,ギャグ・コメディ,いつむ,,"人生に疲れ切った社畜リーマン「黒田」は、ある日深夜のコンビニで黒ギャルJK「愛月」と出会う。ギャル特有の近すぎる距離にドギマギしつつ、財布を拾ってもらったのをきっかけに遊びに付き合わされるようになり？
      …"
久保さんは僕を許さない,https://cf.image-cdn.k-manga.jp/cover_200/12/122793/b122793_1_200.jpg,青年漫画,ギャグ・コメディ,雪森寧々,,その感情に“恋”と名が付く2歩手前…ヒロイン女子×モブ男子の、思春期スイートコメディ。高校1年生、白石純太は隣に居ても気づかれない、集合写真に写っているのに欠席だと思われて顔写真を合成される、そんな存在感ゼロの“モ…
私がモテないのはどう考えてもお前らが悪い！,https://cf.image-cdn.k-manga.jp/cover_200/11/119167/b119167_1_200.jpg,少年漫画,ギャグ・コメディ,谷川ニコ,,高校に行けば自然とモテると思っていた黒木智子…。しかし、無残な現実が襲いかかって来る！　この状況をどう打破するか？　女子高生の苦悩が始まる！　時々かわいいニューヒロイン誕生!?
異世界おじさん,https://cf.image-cdn.k-manga.jp/cover_200/14/140323/b140323_1_200.jpg,少年漫画,ギャグ・コメディ,殆ど死んでいる,,17年間の昏睡状態から目覚めたおじさんは、異世界からの帰還者だった……。甥っ子たかふみと共同生活を始めたおじさんが語る、新感覚異世界&異文化コメディ!
小林さんちのメイドラゴン,https://cf.image-cdn.k-manga.jp/cover_200/7/77454/b77454_1_200.jpg,青年漫画,ギャグ・コメディ,クール教信者,,アパートに住む小林さんのもとに、メイドとして押しかけて同居しているトール。トールは、人類のことは基本、下等で愚かだと思っているけれど、小林さんには過去に助けてもらった恩があるため、全力でご奉仕。今日もあの手この手で…
来世ではちゃんとします,https://cf.image-cdn.k-manga.jp/cover_200/11/112410/b112410_1_200.jpg,青年漫画,ギャグ・コメディ,いつまちゃん,,業務の乱れは性の乱れ！　承認欲求と好奇心と寂しさの狭間で、5人のパートナーと愛を営む桃ちゃん。彼氏いない歴＝年齢の、ボーイズラブ大好きギャル梅ちゃん。女たらしのクールなイケメン松田くん。トラウマから処女しか愛せなく…
嫁いできた嫁が愛想笑いばかりしてる,https://cf.image-cdn.k-manga.jp/cover_200/13/133290/b133290_1_200.jpg,少年漫画,ギャグ・コメディ,マツモトケンゴ,,武士・由依宗次郎の元に嫁いだお千夜は、いつも愛想笑いを浮かべていた。自分が不甲斐ないから打ち解けてくれない、と思う宗次郎。だけど、お千夜はただただ、旦那様が大好きなだけだった…!!不器用カップルのおしどりコメディ!…
まったく最近の探偵ときたら,https://cf.image-cdn.k-manga.jp/cover_200/13/136497/b136497_1_200.jpg,少年漫画,ギャグ・コメディ,五十嵐正邦,,世間を騒がす難事件を即解決! その名は名探偵・名雲桂一郎!! だったのは10年以上も昔の話……。名雲はいまや、ただの渋いおっさんになってしまった……。時代に取り残され、スマホすら扱えない彼のもとに、若さあふれる女子…
終末のハーレム ファンタジア学園,https://cf.image-cdn.k-manga.jp/cover_200/14/142680/b142680_1_200.jpg,青年漫画,ギャグ・コメディ,安藤岡田,,舞台は現代。想い人のアウレリアと同じ学校に進学すべく受験に挑んだアルクはあえなく不合格。アウレリアと離れ離れになってしまう。しかし、入学した先は女子生徒だらけの“ハーレム学園”で……!?　『終末のハーレム ファンタ…
カッパの飼い方,https://cf.image-cdn.k-manga.jp/cover_200/10/100173/b100173_1_200.jpg,青年漫画,ギャグ・コメディ,石川優吾,,時は昭和40年代、世の中は高度経済成長を終え、本当の豊かさを求め始める人々の間で、ちょっとした河童ブームが起こっていた。都会でひとり暮らしをする「私」も、この度、新しい家族として仔河童の「かぁたん」を迎えることにし…
ゴハンスキー,https://cf.image-cdn.k-manga.jp/cover_200/4/47989/b47989_1_200.jpg,青年漫画,ギャグ・コメディ,清野とおる,,珍才マンガ家・清野とおるが、ゴハン愛をつづりにつづった！「トラウマ飯」、「１００円ローソンの干しほたるいか」など出てきたお店や食品はネットで炎上＆売り切れ続出!?
工業哀歌バレーボーイズ,https://cf.image-cdn.k-manga.jp/cover_200/10/103743/b103743_1_200.jpg,青年漫画,ギャグ・コメディ,村田ひろゆき,,“女が欲しい～！”男子校で、しかも工業高校でたった一度の青春を棒に振りたかねーぞ!!　ってなワケで、油まみれの作業服にパンチ頭が妙に似合う赤木駿（あかぎ・しゅん）は、モテたいがために第２バレーボール部を作ってしまっ…
からかい上手の（元）高木さん,https://cf.image-cdn.k-manga.jp/cover_200/2/28389/b28389_1_200.jpg,少年漫画,ギャグ・コメディ,稲葉光史,,お母さんはからかい上手。大人気からかいラブコメ「からかい上手の高木さん」の高木さんが結婚！！？母と娘と、ときどき父？からかいホームコメディー登場！！
岡崎に捧ぐ,https://cf.image-cdn.k-manga.jp/cover_200/8/88036/b88036_1_200.jpg,青年漫画,ギャグ・コメディ,山本さほ,,2014年にWEB上で公開され始められるや、各界著名人の称賛を浴びるなど瞬く間に話題を呼び、短期でページ1000万ビューを記録した人気エッセイ漫画がついに単行本化!! 作者・山本さほさんが、実際の幼馴染み・岡崎さん…
土下座で頼んでみた,https://cf.image-cdn.k-manga.jp/cover_200/14/140392/b140392_1_200.jpg,青年漫画,ギャグ・コメディ,ふなつかずき,,ツイッターでバズッた話題のマンガ!  断りきれない女子たちは土下座をすれば、 エッチなお願いも聞いてくれる!? 女の子たちの胸や下着が見られるお楽しみページはすべてフルカラーで掲載!!
らいか・デイズ,https://cf.image-cdn.k-manga.jp/cover_200/8/81487/b81487_1_200.jpg,青年漫画,ギャグ・コメディ,むんこ,,なんでもできちゃうスーパー小学生・春菜来華のちょっぴりドキドキな普通の毎日。実は○○が苦手な来華ちゃん…思わず手助けしてあげたくなっちゃう!?
そもそもウチには芝生がない,https://cf.image-cdn.k-manga.jp/cover_200/1/18363/b18363_1_200.jpg,,ギャグ・コメディ,たちばなかおる,,小４、小２、年中さんの男３兄弟を育てるスミ。認知症気味な姑の面倒を見る恵子。その日暮らしの年下男と同棲中のマキ。育児、介護、独身と、それぞれが不安と不満を抱えて日々を過ごしていたある日、思いもよらぬ人生の転機が!?…
三姉妹が俺をユウワクしてくる！！,https://cf.image-cdn.k-manga.jp/cover_200/13/131698/b131698_1_200.jpg,青年漫画,ギャグ・コメディ,長谷良えりあ,,浪人した青年が引っ越した先は・・・精を貪る、エッチ大好き飛縁魔(ヒノエンマ)の村だった!!?※飛縁魔とは・・・男の心を惑わせ、身を滅ぼさせる淫魔。日本版のサキュバス。医者になる夢を持つ浪人生・硬三郎は、大学受験に集…
男、タッてのお願いです。（フルカラー）,https://cf.image-cdn.k-manga.jp/cover_200/12/122370/b122370_1_200.jpg,青年漫画,ギャグ・コメディ,IKEMEN　SANO,,「なぜだ…なぜ、タたない…！？」男のコケンに関わる大問題、勃発！下着メーカーの人気デザイナーにしてさわやかイケメン、その名は藤田桜次（おうじ）。自慢のナニで、女をとっかえひっかえ、毎晩ヤりたい放題の桜次に、まさかの…
猫奥,https://cf.image-cdn.k-manga.jp/cover_200/13/132746/b132746_1_200.jpg,青年漫画,ギャグ・コメディ,山村東,,"江戸時代。大奥に仕える女性たちの多くは、生涯独身であった。そんな彼女たちが、持てあました時間と愛情を注いだ対象、それは――にゃんと、ネコだった!? 大奥に暮らすオンナとネコの日常を描くほのぼのショート!
     …"
君のことが大大大大大好きな100人の彼女,https://cf.image-cdn.k-manga.jp/cover_200/12/125411/b125411_1_200.jpg,青年漫画,ギャグ・コメディ,中村力斗,,「好き」っていいたい！　いわれたい！　中学卒業式に100回目の失恋をした愛城恋太郎は、高校でこそ初めての彼女を！と願う。そんな彼の前に現れた恋の神様が告げた未来は「高校生活で出会う“運命の人”は100人。しかし彼女…
有閑倶楽部 カラー版,https://cf.image-cdn.k-manga.jp/cover_200/11/115237/b115237_1_200.jpg,,ギャグ・コメディ,一条ゆかり,,【ページ数が多いビッグボリューム版！】【デジタル着色によるフルカラー版！】聖プレジデント学園の生徒会6人組…ご存じ“有閑倶楽部”。アクション担当・悠理と魅録、頭脳担当・野梨子と清四郎、お色気担当・可憐と美童。無敵で…
Sレア装備の似合う彼女,https://cf.image-cdn.k-manga.jp/cover_200/9/95435/b95435_1_200.jpg,少年漫画,ギャグ・コメディ,近江のこ,,節約上手の高校生、大吾がふとしたきっかけで始めた大人気スマホゲーム『環裏グリムゼリア』。その中から、女勇者・ユリナが突如あらわれた！世界の危機を救うにはユリナを強化するしかないのだが、そのためには強い武器が必要で、…
腐男子家族,https://cf.image-cdn.k-manga.jp/cover_200/11/119864/b119864_1_200.jpg,,ギャグ・コメディ,すずり街,,隠れオタク隠れ腐男子な男子高校生の主人公・楓が同人誌即売会で出会ったのは…大好きなBL同人作家のチェリー先生として参加する父と弟だった!?!　腐バレどころか家族全員腐男子であることが発覚したことで逆に強まる家族の絆…
元カレが腐男子になっておりまして。,https://cf.image-cdn.k-manga.jp/cover_200/11/119760/b119760_1_200.jpg,,ギャグ・コメディ,麦芋,,再会した元カレが腐男子（ＢＬ好き男子）になってました。ある日、書店に立ち寄った赤土桃は、そこでＢＬ本を物色する腐男子と出会った。初の腐男子との遭遇にテンションのあがる桃だったが、よく見るとその腐男子は自分の元カレの…
SHIORI EXPERIENCE ジミなわたしとヘンなおじさん,https://cf.image-cdn.k-manga.jp/cover_200/11/119439/b119439_1_200.jpg,青年漫画,ギャグ・コメディ,長田悠幸,,“ジミ”な高校英語教師の本田紫織に、“ヘン”な世界一のギタリスト幽霊が取り憑いた!?　しかも身に覚えのない“契約”のせいで「27歳が終わるまでに音楽で伝説を残さなければ死ぬ」ことに。現在、27歳の誕生日を迎えたばか…
たーたん,https://cf.image-cdn.k-manga.jp/cover_200/9/96549/b96549_1_200.jpg,青年漫画,ギャグ・コメディ,西炯子,,15年前、全く冴えない28歳の童貞男だった上田敦は、友人から赤ん坊を預かる。その友人は殺人を犯し刑務所に入ったのだ。赤ん坊の名は鈴。敦は鈴を娘として懸命に育てた。鈴は父を「たーたん」と呼ぶ。父は出生について娘に何も…
人にはいえないエッチの内緒話,https://cf.image-cdn.k-manga.jp/cover_200/2/24206/b24206_1_200.jpg,,ギャグ・コメディ,成見香穂,,恋人、夫婦、セフレに風俗など……なまなましくて恥ずかしいエッチ体験談がたっぷり！男女がのめりこんだアブノーマルエッチ体験、思わず仰天のエッチハプニング、風俗嬢とヘンなお客さんとのコントみたいなやりとりなど……、本当…
コンビニの清水,https://cf.image-cdn.k-manga.jp/cover_200/7/76595/b76595_1_200.jpg,青年漫画,ギャグ・コメディ,津村マミ,,ビッグコミックスペリオール新人コミックオーディション受賞者、初の単行本！不倫カップル、敬虔なお坊さん、荒んだＯＬ、貧乳に悩む妹と巨乳好きの兄、リストラされたお父さん、化粧が濃すぎるお母さん･･･。ハートフルでハート…
ドM女子とがっかり女王様,https://cf.image-cdn.k-manga.jp/cover_200/13/135821/b135821_1_200.jpg,少年漫画,ギャグ・コメディ,狐ヶ崎,,"ドMの女子高生・中村さんが出会ったのは、黒髪＋長身の美少女クラスメート・久米川さん。ところが、理想の女王様を見つけたと思いきや、久米川さんのポンコツぶりが発覚して…?　《主従逆転》百合コメディ！
         …"
翼くんはあかぬけたいのに,https://cf.image-cdn.k-manga.jp/cover_200/1/19748/b19748_1_200.jpg,少年漫画,ギャグ・コメディ,小花オト,,高校入学を機に上京してきた翼くん。住まいはなんと、表参道のオシャレシェアハウス！独特かつ致命的なファッションセンスを持つ翼くんと、オシャレだけど一風（かなり？）変わった同居人達との生活は波乱だらけで…？「ヒバナ」と…
女装してめんどくさい事になってるネクラとヤンキーの両片想い,https://cf.image-cdn.k-manga.jp/cover_200/4/40503/b40503_1_200.jpg,少年漫画,ギャグ・コメディ,とおる,,"お互いの好きな人は、嫌いなヤツが女装した姿!?　可愛く朗らかな女の子・「花」　凛とした美人・「めい」　二人はお互いに好きだと気づいていない両片思い！...しかし、互いにバレてはいけない秘密が...。
       …"
モブサイコ100,https://cf.image-cdn.k-manga.jp/cover_200/6/69224/b69224_1_200.jpg,少年漫画,ギャグ・コメディ,ONE,,自己表現がヘタな超能力少年、通称・モブ。普通の生き方にこだわり超能力を封印しているモブだが、感情が高ぶり数字が100になったとき…少年の身に何かが起こる!!!!アマチュアWEBコミック界最強の漫画家ONEが描く、笑…
湯神くんには友達がいない,https://cf.image-cdn.k-manga.jp/cover_200/7/73389/b73389_1_200.jpg,少年漫画,ギャグ・コメディ,佐倉準,,転校生・綿貫ちひろの隣の席の湯神くんは、ちょっと…というか、すごく変わってます。野球部のエースでありながら、野球部に溶け込んでないし、クラスでもなんとな～く浮いた存在…そんな湯神くんは、いつだって一人を満喫していま…
カワイスギクライシス,https://cf.image-cdn.k-manga.jp/cover_200/12/125032/b125032_1_200.jpg,少年漫画,ギャグ・コメディ,城戸みつる,,宇宙帝国調査員のリザ・ルーナが降り立った星は“地球”。文明レベルの低さから、最初はさっさと滅亡させてしまおうとするリザだったが、地球で遭遇した未知の“カワイイ”が、まさかの救世主に!?　ラブリー満載でお届けの1巻！…
不機嫌なモノノケ庵,https://cf.image-cdn.k-manga.jp/cover_200/11/119381/b119381_1_200.jpg,,ギャグ・コメディ,ワザワキリ,,妖怪にとり憑かれて、高校入学以来、７日間保健室登校の芦屋。どうにかしたいとすがったのは、四畳半の茶室「物怪庵」の主だった――。さまざまな理由で、現世（うつしよ）に迷い込んだ妖怪を救い隠世（かくりよ）へ導く、不機嫌主…
パタリロ！,https://cf.image-cdn.k-manga.jp/cover_200/1/12135/b12135_1_200.jpg,,ギャグ・コメディ,魔夜峰央,,うわさのゴキブリ走法を駆使して日本国中に爆笑悩殺弾をふりまく破壊的美少年パタリロついに登場!!美少年殺し(キラー)の異名を持つバンコランをともなってのギャグの嵐で、少女まんが界を震撼させた、鬼才、魔夜峰央のコミック…
衛宮さんちの今日のごはん,https://cf.image-cdn.k-manga.jp/cover_200/13/138265/b138265_1_200.jpg,少年漫画,ギャグ・コメディ,TAa,,衛宮士郎が自慢の手料理で、冬木の住人やサーヴァントたちをほっこりさせちゃいます！ 詳細なレシピも付いて、だれでも士郎の手料理を同調開始（トレース・オン）！
女子高生の無駄づかい,https://cf.image-cdn.k-manga.jp/cover_200/14/140683/b140683_1_200.jpg,少年漫画,ギャグ・コメディ,ビーノ,,ちょっと残念な女子が集う、さいのたま女子高校。だいぶ偏差値が足りない田中(通称バカ)と、BLに傾倒する菊池(通称:ヲタ)、無表情な才女・鷺宮(通称:ロボ)。彼女達とその周りに生息する色とりどりの仲間たちが、今しか生…
オレ達のパーティーは間違っている,https://cf.image-cdn.k-manga.jp/cover_200/1/16515/b16515_1_200.jpg,少年漫画,ギャグ・コメディ,エヌシ,,鋼の騎士・ナイト、格闘家・モンク、白魔道士・ヒメ、黒魔道士・クロマのパーティー4人は、魔王に決戦を挑む。が…！「さかのぼれ…　うらがえれ…　いれかわれ…　くずれおちよ…」魔王の呪いの言葉で、パーティーは離れ離れに！…
パリピ孔明,https://cf.image-cdn.k-manga.jp/cover_200/12/125016/b125016_1_200.jpg,青年漫画,ギャグ・コメディ,四葉夕卜,,五丈原の戦いで死期を迎えた名軍師・諸葛亮孔明は、若い肉体に戻り、現代日本へと転生した！ 渋谷のパリピ達に誘われ、たどり着いたのはダンスミュージックが鳴り響くチャラめなクラブ。そこでシンガーを目指す月見英子と出逢い、…
聖☆おにいさん,https://cf.image-cdn.k-manga.jp/cover_200/10/104121/b104121_1_200.jpg,青年漫画,ギャグ・コメディ,中村光,,目覚めた人・ブッダ、神の子・イエス。世紀末を無事に越えた二人は、東京・立川でアパートをシェアし、下界でバカンスを過ごしていた。近所のおばちゃんのように細かいお金を気にするブッダ。衝動買いが多いイエス。そんな“最聖”…
宇崎ちゃんは遊びたい！,https://cf.image-cdn.k-manga.jp/cover_200/14/140024/b140024_1_200.jpg,少年漫画,ギャグ・コメディ,丈,,SNSを中心に話題沸騰!ウザいけれどカワイイ巨乳後輩宇崎ちゃんとのドタバタラブコメが単行本化!静かに放課後を過ごしたい大学3年生、桜井真一だが、毎度毎度宇崎ちゃんがウザ絡みをしてきて―――?
姫ヶ崎櫻子は今日も不憫可愛い,https://cf.image-cdn.k-manga.jp/cover_200/14/142644/b142644_1_200.jpg,少年漫画,ギャグ・コメディ,安田剛助,,まけ・ヒロイン【負けヒロイン】正ヒロインになれない不遇のヒロインのこと。類語「当て馬」「噛ませ犬」「エロ要員」この物語はハイスペックでいつも自信満々なくせによく可哀想な目にあう負けヒロイン――姫ヶ崎櫻子が不憫可愛い…
働かないふたり,https://cf.image-cdn.k-manga.jp/cover_200/11/115132/b115132_1_200.jpg,青年漫画,ギャグ・コメディ,吉田覚,,作者の個人ブログで圧倒的支持を得たニート兄妹漫画が待望のコミックス化!!マイペースで対人恐怖症の妹・春子と、インテリなうえに友達もいる“エニート”な兄・守。社会のすみっこに生息する、絶滅危惧種的な仲良しアホ兄妹によ…
無敵の未来大作戦,https://cf.image-cdn.k-manga.jp/cover_200/14/141397/b141397_1_200.jpg,青年漫画,ギャグ・コメディ,黒崎冬子,,「聖婚したい人、だ～れだっ!!」聖婚――。それは、少子化対策のための、新しい結婚の形。選ばれし聖人（※超お金持ち）が一妻多夫、一夫多妻の家庭を作れる新システム!!!晶（あきら）瑛子（えいこ）は生活のため、学園のプリ…
帰ってください！ 阿久津さん,https://cf.image-cdn.k-manga.jp/cover_200/14/140053/b140053_1_200.jpg,少年漫画,ギャグ・コメディ,長岡太一,,"クラスの不良女子・阿久津さんに何故か家をたまり場にされてしまった一人暮らしの大山くん。何かひどいことをされるのではと追い出そうとするのだが、無防備で距離感の近い彼女のエロカワイイ仕草にドギマギし…?
       …"
月刊少女野崎くん,https://cf.image-cdn.k-manga.jp/cover_200/11/119168/b119168_1_200.jpg,少年漫画,ギャグ・コメディ,椿いづみ,,無骨な男子高校生「野崎梅太郎」。彼に恋をした女子高生「佐倉千代」は勇気を振り絞って告白するものの、何故か恋人ではなく少女漫画家のアシスタントになったのでした…。男子高校生でありながら人気少女漫画家でもある野崎くんの…
ラブホなお仕事,https://cf.image-cdn.k-manga.jp/cover_200/8/88689/b88689_1_200.jpg,青年漫画,ギャグ・コメディ,ながしま超助,,お嬢様のペットがラブホテルでバイト!?　社長令嬢のペット・あきおは、美女だらけの老舗ラブホテルで働くことに…。巨乳や爆乳や美乳が揺れる、大人向けギャグ漫画!!　「おっぱい鬼」は必見!
【新装版】今どきの若いモンは,https://cf.image-cdn.k-manga.jp/cover_200/12/124946/b124946_1_200.jpg,青年漫画,ギャグ・コメディ,吉谷光平,,”twitterで「251，000いいね?」を獲得した超話題タイトルが満を持してコミックス化！ 全社会人が歓喜する理想の課長がここに爆誕!! 彼が発する「今どきの若いモンは…」から始まるありがた～いお言葉が社会人の…
サバエとヤッたら終わる,https://cf.image-cdn.k-manga.jp/cover_200/13/131141/b131141_1_200.jpg,青年漫画,ギャグ・コメディ,早坂啓吾,,大学生の宇治はガサツで男みたいな女友達サバエと仲良し。ある日、二人が恋愛相談の為にサシ飲みをしていると、意外に巨乳のサバエに宇治はなぜかムラッときてしまい…友情を取るか性欲を取るか! 理性ギリギリキャンパスライフ開…
サムライカアサン,https://cf.image-cdn.k-manga.jp/cover_200/10/101173/b101173_1_200.jpg,,ギャグ・コメディ,板羽皆,,家族においしいごはんを食べさせることこそ母の喜び！　だけど反抗期の息子・たけしにはウザイとうっとうしがられて…。つっ走りすぎオカン＆たけしの愛と満腹のダイアリー!!
かぐや様は告らせたい～天才たちの恋愛頭脳戦～ カラー版,https://cf.image-cdn.k-manga.jp/cover_200/11/115230/b115230_1_200.jpg,青年漫画,ギャグ・コメディ,赤坂アカ,,【デジタル着色によるフルカラー版!】「恋愛は告白した方が負けなのである!」 家柄も人柄も良し!! 将来を期待された秀才が集う秀知院学園!! その生徒会で出会った、副会長・四宮かぐやと会長・白銀御行は互いに惹かれてい…
勇者が死んだ！,https://cf.image-cdn.k-manga.jp/cover_200/8/86819/b86819_1_200.jpg,少年漫画,ギャグ・コメディ,スバルイチ,,平凡な農夫の少年トウカは、ある日突然、世界の英雄である勇者を殺してしまう!!!しかも、その現場を勇者の仲間である少女に見られていた!!勇者を死なせた男になったトウカの運命は…!!?落とし穴からはじまる、村人と美少女…
おひとりさま出産,https://cf.image-cdn.k-manga.jp/cover_200/9/94370/b94370_1_200.jpg,,ギャグ・コメディ,七尾ゆず,,独身です。貧乏です。40歳直前です。だからこそ、子どもを産みたい、育てたい！　自分も子どもも幸せになる、という覚悟を持って臨みます！
とめはねっ！鈴里高校書道部,https://cf.image-cdn.k-manga.jp/cover_200/5/55071/b55071_1_200.jpg,青年漫画,ギャグ・コメディ,河合克敏,,脅されて書道部に入部した大江縁と、だまされて書道部に入部した望月結希。一風変わった先輩たちに翻弄されて、これでいいのかと思う日々。それでも、ダイナミックでデリケートな書の世界は、かなり魅力的で…　文化系青春コメディ…
信長の忍び,https://cf.image-cdn.k-manga.jp/cover_200/2/27724/b27724_1_200.jpg,青年漫画,ギャグ・コメディ,重野なおき,,忍びの女の子・千鳥の夢は、織田信長さまの天下布武を成すこと!! 4コマ王子・重野なおきの新境地!! 4コマに革命起こす戦国GAG、ついにリリース!!
(仮)花嫁のやんごとなき事情,https://cf.image-cdn.k-manga.jp/cover_200/13/135726/b135726_1_200.jpg,,ギャグ・コメディ,兔ろうと,,孤児院育ちのド庶民・フェルディアは、29ものバイトを掛け持ちする勤労少女。ある日 持ちかけられたお仕事、それは敵国エルラントの皇子「毒龍公クロウ」こと、クロヴィス・クルヴァッハ・エルラントに嫁ぐこと! しかもフェル…
